test_1000_real_dispatcher_sequences_two_owners_no_duplicate_start (test_action_dispatcher.DispatcherTests.test_1000_real_dispatcher_sequences_two_owners_no_duplicate_start) ... ok
test_1000_real_dispatcher_state_sequences_with_resources_and_rearm (test_action_dispatcher.DispatcherTests.test_1000_real_dispatcher_state_sequences_with_resources_and_rearm) ... ERROR
test_a01_two_owners_100_each_isolated (test_action_dispatcher.DispatcherTests.test_a01_two_owners_100_each_isolated) ... ok
test_a02_retry_ten_times_and_conflict (test_action_dispatcher.DispatcherTests.test_a02_retry_ten_times_and_conflict) ... ok
test_a03_actor_queue_full_and_oversize (test_action_dispatcher.DispatcherTests.test_a03_actor_queue_full_and_oversize) ... ok
test_a04_concurrent_resource_exclusion (test_action_dispatcher.DispatcherTests.test_a04_concurrent_resource_exclusion) ... ok
test_a05_blocked_handler_cancel_timeout_and_independent_watchdog (test_action_dispatcher.DispatcherTests.test_a05_blocked_handler_cancel_timeout_and_independent_watchdog) ... ok
test_a06_sync_report_and_out_of_order (test_action_dispatcher.DispatcherTests.test_a06_sync_report_and_out_of_order) ... ok
test_a09_real_dispatcher_actor_crash_boundaries_no_replay (test_action_dispatcher.DispatcherTests.test_a09_real_dispatcher_actor_crash_boundaries_no_replay) ... ok
test_a10_expired_while_actor_queued_and_observation_ages (test_action_dispatcher.DispatcherTests.test_a10_expired_while_actor_queued_and_observation_ages) ... ok
test_a12_schema_extra_range_nan_depth_and_unsupported (test_action_dispatcher.DispatcherTests.test_a12_schema_extra_range_nan_depth_and_unsupported) ... ok
test_cancel_prioritizes_stop_and_revokes_actor_queued_start (test_action_dispatcher.DispatcherTests.test_cancel_prioritizes_stop_and_revokes_actor_queued_start) ... ok
test_cancel_queued_future_does_not_kill_worker (test_action_dispatcher.DispatcherTests.test_cancel_queued_future_does_not_kill_worker) ... ok
test_canceled_deferred_report_does_not_strand_actor_result_queue_full (test_action_dispatcher.DispatcherTests.test_canceled_deferred_report_does_not_strand_actor_result_queue_full) ... ok
test_canceled_deferred_report_does_not_strand_priority_report_queue_full (test_action_dispatcher.DispatcherTests.test_canceled_deferred_report_does_not_strand_priority_report_queue_full) ... ok
test_canceled_deferred_report_does_not_strand_slow_actor_cleanup (test_action_dispatcher.DispatcherTests.test_canceled_deferred_report_does_not_strand_slow_actor_cleanup) ... ok
test_canceled_deferred_report_does_not_strand_terminal_cleanup (test_action_dispatcher.DispatcherTests.test_canceled_deferred_report_does_not_strand_terminal_cleanup) ... ok
test_context_ttl_expires_while_actor_queued (test_action_dispatcher.DispatcherTests.test_context_ttl_expires_while_actor_queued) ... ok
test_default_gate_closed_and_recovery_no_replay (test_action_dispatcher.DispatcherTests.test_default_gate_closed_and_recovery_no_replay) ... ok
test_deferred_report_cancel_race_does_not_strand_slow_actor_cleanup (test_action_dispatcher.DispatcherTests.test_deferred_report_cancel_race_does_not_strand_slow_actor_cleanup) ... ok
test_emergency_callback_not_under_gate_lock_and_failure_visible (test_action_dispatcher.DispatcherTests.test_emergency_callback_not_under_gate_lock_and_failure_visible) ... ok
test_expired_budget_actor_result_before_timeout_retry (test_action_dispatcher.DispatcherTests.test_expired_budget_actor_result_before_timeout_retry) ... ok
test_expired_budget_actor_result_before_watch_observation (test_action_dispatcher.DispatcherTests.test_expired_budget_actor_result_before_watch_observation) ... ok
test_expired_budget_timeout_retry_before_actor_result (test_action_dispatcher.DispatcherTests.test_expired_budget_timeout_retry_before_actor_result) ... ok
test_expired_cancel_proof_reconciles_without_replacing_timeout (test_action_dispatcher.DispatcherTests.test_expired_cancel_proof_reconciles_without_replacing_timeout) ... ok
test_expired_lease_queued_failure_cannot_beat_watchdog (test_action_dispatcher.DispatcherTests.test_expired_lease_queued_failure_cannot_beat_watchdog) ... ok
test_expired_lease_queued_success_cannot_beat_watchdog (test_action_dispatcher.DispatcherTests.test_expired_lease_queued_success_cannot_beat_watchdog) ... ok
test_expired_lease_queued_unknown_cannot_beat_watchdog (test_action_dispatcher.DispatcherTests.test_expired_lease_queued_unknown_cannot_beat_watchdog) ... ok
test_independent_physical_lease_with_control_worker_blocked (test_action_dispatcher.DispatcherTests.test_independent_physical_lease_with_control_worker_blocked) ... ok
test_lease_measured_from_ingress_not_writer_commit (test_action_dispatcher.DispatcherTests.test_lease_measured_from_ingress_not_writer_commit) ... ok
test_no_resource_unknown_proof_persists_across_restart (test_action_dispatcher.DispatcherTests.test_no_resource_unknown_proof_persists_across_restart) ... ok
test_normal_control_queue_full_keeps_cancel_lane_available (test_action_dispatcher.DispatcherTests.test_normal_control_queue_full_keeps_cancel_lane_available) ... ok
test_pending_report_fails_if_handler_never_returns_before_timeout (test_action_dispatcher.DispatcherTests.test_pending_report_fails_if_handler_never_returns_before_timeout) ... ok
test_priority_saturation_retries_timeout_until_durable (test_action_dispatcher.DispatcherTests.test_priority_saturation_retries_timeout_until_durable) ... ok
test_rejected_callback_wins_over_sync_success_report (test_action_dispatcher.DispatcherTests.test_rejected_callback_wins_over_sync_success_report) ... ok
test_report_priority_over_normal_admission_backlog (test_action_dispatcher.DispatcherTests.test_report_priority_over_normal_admission_backlog) ... ok
test_running_report_then_callback_budget_is_durable_uncertainty (test_action_dispatcher.DispatcherTests.test_running_report_then_callback_budget_is_durable_uncertainty) ... ok
test_slow_callback_is_uncertain_not_accepted (test_action_dispatcher.DispatcherTests.test_slow_callback_is_uncertain_not_accepted) ... ok
test_sync_success_report_cannot_release_resource_after_slow_callback (test_action_dispatcher.DispatcherTests.test_sync_success_report_cannot_release_resource_after_slow_callback) ... ok
test_terminal_unknown_can_still_request_stop (test_action_dispatcher.DispatcherTests.test_terminal_unknown_can_still_request_stop) ... ok
test_timely_actor_failure_remains_unknown (test_action_dispatcher.DispatcherTests.test_timely_actor_failure_remains_unknown) ... ok
test_version_update_revokes_queued_start (test_action_dispatcher.DispatcherTests.test_version_update_revokes_queued_start) ... ok
test_binding_and_out_of_order_or_duplicate_terminal (test_action_ledger.LedgerTests.test_binding_and_out_of_order_or_duplicate_terminal) ... ok
test_cancel_queued_and_running_transactions (test_action_ledger.LedgerTests.test_cancel_queued_and_running_transactions) ... ok
test_cancel_requires_positive_stop_evidence (test_action_ledger.LedgerTests.test_cancel_requires_positive_stop_evidence) ... ok
test_committed_only_events_ack_and_immutable_snapshots (test_action_ledger.LedgerTests.test_committed_only_events_ack_and_immutable_snapshots) ... ok
test_concurrent_exclusion_persists_across_restart_and_reconciliation (test_action_ledger.LedgerTests.test_concurrent_exclusion_persists_across_restart_and_reconciliation) ... ok
test_crash_marker_portable_binary_flag (test_action_ledger.LedgerTests.test_crash_marker_portable_binary_flag) ... ok
test_duplicate_ten_retries_and_changed_payload_or_reservation_conflict (test_action_ledger.LedgerTests.test_duplicate_ten_retries_and_changed_payload_or_reservation_conflict) ... ok
test_durable_event_envelope_budget_and_atomic_rollback (test_action_ledger.LedgerTests.test_durable_event_envelope_budget_and_atomic_rollback) ... ok
test_events_filter_and_close_timeout_strict_types (test_action_ledger.LedgerTests.test_events_filter_and_close_timeout_strict_types) ... ok
test_fault_and_queue_saturation_fail_closed (test_action_ledger.LedgerTests.test_fault_and_queue_saturation_fail_closed) ... ok
test_freezes_command_before_writer_runs (test_action_ledger.LedgerTests.test_freezes_command_before_writer_runs) ... ok
test_full_queue_close_blocks_admission_and_can_retry (test_action_ledger.LedgerTests.test_full_queue_close_blocks_admission_and_can_retry) ... ok
test_identity_stop_proof_and_strict_inputs (test_action_ledger.LedgerTests.test_identity_stop_proof_and_strict_inputs) ... ok
test_legacy_row_never_fabricates_task_identity (test_action_ledger.LedgerTests.test_legacy_row_never_fabricates_task_identity) ... ok
test_pagination_and_one_thousand_seeded_status_sequences (test_action_ledger.LedgerTests.test_pagination_and_one_thousand_seeded_status_sequences) ... ok
test_query_overflow_latches_cached_gate (test_action_ledger.LedgerTests.test_query_overflow_latches_cached_gate) ... ok
test_real_process_crash_boundaries (test_action_ledger.LedgerTests.test_real_process_crash_boundaries) ... ok
test_real_sqlite_write_failure_blocks_admission (test_action_ledger.LedgerTests.test_real_sqlite_write_failure_blocks_admission) ... ok
test_report_overflow_latches_gate (test_action_ledger.LedgerTests.test_report_overflow_latches_gate) ... ok
test_sqlite_fault_closes_gate_before_future_callback (test_action_ledger.LedgerTests.test_sqlite_fault_closes_gate_before_future_callback) ... ok
test_stop_proof_envelope_overflow_rolls_back_release (test_action_ledger.LedgerTests.test_stop_proof_envelope_overflow_rolls_back_release) ... ok
test_accepted_cancel_request_is_not_stop_proof (test_action_runtime_integration.ActionRuntimeIntegrationTest.test_accepted_cancel_request_is_not_stop_proof) ... ok
test_bridge_rejects_existing_context_after_mode_change (test_action_runtime_integration.ActionRuntimeIntegrationTest.test_bridge_rejects_existing_context_after_mode_change) ... ok
test_build_server_wires_persistent_components_and_closes (test_action_runtime_integration.ActionRuntimeIntegrationTest.test_build_server_wires_persistent_components_and_closes) ... ok
test_controller_revokes_gate_before_waiting_for_tick_lock (test_action_runtime_integration.ActionRuntimeIntegrationTest.test_controller_revokes_gate_before_waiting_for_tick_lock) ... ok
test_controller_start_stop_race_does_not_commit_running (test_action_runtime_integration.ActionRuntimeIntegrationTest.test_controller_start_stop_race_does_not_commit_running) ... ok
test_decision_mode_suppresses_legacy_start_worker_and_tick (test_action_runtime_integration.ActionRuntimeIntegrationTest.test_decision_mode_suppresses_legacy_start_worker_and_tick) ... ok
test_decision_tick_never_selects_legacy_goal_or_sends_motion (test_action_runtime_integration.ActionRuntimeIntegrationTest.test_decision_tick_never_selects_legacy_goal_or_sends_motion) ... ok
test_environment_switch_failure_retains_old_adapter (test_action_runtime_integration.ActionRuntimeIntegrationTest.test_environment_switch_failure_retains_old_adapter) ... ok
test_registry_preserves_dispatcher_guard_across_revoke_and_reenable (test_action_runtime_integration.ActionRuntimeIntegrationTest.test_registry_preserves_dispatcher_guard_across_revoke_and_reenable) ... ok
test_unknown_with_no_resources_remains_blocked_until_committed_proof (test_action_runtime_integration.ActionRuntimeIntegrationTest.test_unknown_with_no_resources_remains_blocked_until_committed_proof) ... ok
test_deadline_after_pending_does_not_submit_another_read (test_action_service_failures.ActionServiceFailuresTest.test_deadline_after_pending_does_not_submit_another_read) ... ok
test_deadline_between_get_and_proof_does_not_submit_proof_read (test_action_service_failures.ActionServiceFailuresTest.test_deadline_between_get_and_proof_does_not_submit_proof_read) ... ok
test_deadline_between_rows_does_not_submit_next_read (test_action_service_failures.ActionServiceFailuresTest.test_deadline_between_rows_does_not_submit_next_read) ... ok
test_expired_budget_does_not_accept_even_success_or_submit_reads (test_action_service_failures.ActionServiceFailuresTest.test_expired_budget_does_not_accept_even_success_or_submit_reads) ... ok
test_gate_change_during_proof_cannot_stamp_completed_stop_epoch (test_action_service_failures.ActionServiceFailuresTest.test_gate_change_during_proof_cannot_stamp_completed_stop_epoch) ... ok
test_io_timeout_after_known_pending_remains_unavailable (test_action_service_failures.ActionServiceFailuresTest.test_io_timeout_after_known_pending_remains_unavailable) ... ok
test_io_timeout_completed_at_deadline_is_not_reclassified_as_pending (test_action_service_failures.ActionServiceFailuresTest.test_io_timeout_completed_at_deadline_is_not_reclassified_as_pending) ... ok
test_missing_running_record_is_not_stop_proof (test_action_service_failures.ActionServiceFailuresTest.test_missing_running_record_is_not_stop_proof) ... ok
test_missing_running_record_retains_resource_uncertainty (test_action_service_failures.ActionServiceFailuresTest.test_missing_running_record_retains_resource_uncertainty) ... ok
test_pagination_stops_at_deadline_without_another_submission (test_action_service_failures.ActionServiceFailuresTest.test_pagination_stops_at_deadline_without_another_submission) ... ok
test_proof_arriving_at_deadline_is_not_success_until_next_call (test_action_service_failures.ActionServiceFailuresTest.test_proof_arriving_at_deadline_is_not_success_until_next_call) ... ok
test_record_disappearing_after_known_pending_remains_unavailable (test_action_service_failures.ActionServiceFailuresTest.test_record_disappearing_after_known_pending_remains_unavailable) ... ok
test_status_returns_blocked_diagnostic_when_list_future_fails (test_action_service_failures.ActionServiceFailuresTest.test_status_returns_blocked_diagnostic_when_list_future_fails) ... ok
test_stop_epoch_requires_global_success_and_cannot_skip_a_newer_stop (test_action_service_failures.ActionServiceFailuresTest.test_stop_epoch_requires_global_success_and_cannot_skip_a_newer_stop) ... ok
test_submission_time_is_deducted_from_each_future_wait_budget (test_action_service_failures.ActionServiceFailuresTest.test_submission_time_is_deducted_from_each_future_wait_budget) ... ok
test_unfinished_read_at_total_deadline_preserves_known_pending (test_action_service_failures.ActionServiceFailuresTest.test_unfinished_read_at_total_deadline_preserves_known_pending) ... ok
test_concurrent_initializer_fails_closed_and_only_complete_target_is_published (test_action_storage.ActionStorageTest.test_concurrent_initializer_fails_closed_and_only_complete_target_is_published) ... ok
test_empty_or_invalid_target_fails_closed_without_legacy_fallback (test_action_storage.ActionStorageTest.test_empty_or_invalid_target_fails_closed_without_legacy_fallback) ... ok
test_existing_execution_database_wins_over_older_profile (test_action_storage.ActionStorageTest.test_existing_execution_database_wins_over_older_profile) ... ok
test_failed_publication_leaves_no_empty_target_and_retry_migrates (test_action_storage.ActionStorageTest.test_failed_publication_leaves_no_empty_target_and_retry_migrates) ... ok
test_fresh_initialized_database_is_outside_snapshot_roots (test_action_storage.ActionStorageTest.test_fresh_initialized_database_is_outside_snapshot_roots) ... ok
test_incomplete_sqlite_target_is_not_treated_as_initialized (test_action_storage.ActionStorageTest.test_incomplete_sqlite_target_is_not_treated_as_initialized) ... ok
test_interrupted_initialization_lock_requires_offline_review (test_action_storage.ActionStorageTest.test_interrupted_initialization_lock_requires_offline_review) ... ok
test_invalid_legacy_does_not_initialize_empty_execution_database (test_action_storage.ActionStorageTest.test_invalid_legacy_does_not_initialize_empty_execution_database) ... ok
test_live_legacy_commands_are_copied_then_recovered_without_release (test_action_storage.ActionStorageTest.test_live_legacy_commands_are_copied_then_recovered_without_release) ... ok
test_process_exit_during_backup_never_publishes_empty_database (test_action_storage.ActionStorageTest.test_process_exit_during_backup_never_publishes_empty_database) ... ok
test_publication_refuses_database_created_by_competing_writer (test_action_storage.ActionStorageTest.test_publication_refuses_database_created_by_competing_writer) ... ok
test_restored_old_profile_cannot_replace_newer_execution_facts_on_restart (test_action_storage.ActionStorageTest.test_restored_old_profile_cannot_replace_newer_execution_facts_on_restart) ... ok
test_wal_committed_facts_migrate_once_and_original_is_retained (test_action_storage.ActionStorageTest.test_wal_committed_facts_migrate_once_and_original_is_retained) ... ok
test_build_server_wires_interaction_core_after_server_creation (test_api_server.ApiServerBuildTest.test_build_server_wires_interaction_core_after_server_creation) ... ok
test_interaction_status_marks_astrbot_unreachable_on_error (test_api_server.ApiServerInteractionStatusTest.test_interaction_status_marks_astrbot_unreachable_on_error) ... ok
test_interaction_status_reports_voice_chain_state (test_api_server.ApiServerInteractionStatusTest.test_interaction_status_reports_voice_chain_state) ... ok
test_build_scene_summary_distinguishes_attributed_obstacles (test_astrbot_bridge.AstrBotBridgeTest.test_build_scene_summary_distinguishes_attributed_obstacles) ... ok
test_build_scene_summary_is_deterministic_and_handles_empty_scene (test_astrbot_bridge.AstrBotBridgeTest.test_build_scene_summary_is_deterministic_and_handles_empty_scene) ... ok
test_build_scene_summary_truncates_obstacles_with_count (test_astrbot_bridge.AstrBotBridgeTest.test_build_scene_summary_truncates_obstacles_with_count) ... ok
test_context_contains_fresh_plugin_blocks (test_astrbot_bridge.AstrBotBridgeTest.test_context_contains_fresh_plugin_blocks) ... ok
test_context_contains_perception_scene_block (test_astrbot_bridge.AstrBotBridgeTest.test_context_contains_perception_scene_block) ... ok
test_core_block_sequence_is_monotonic_small_and_shared (test_astrbot_bridge.AstrBotBridgeTest.test_core_block_sequence_is_monotonic_small_and_shared) ... ok
test_fresh_world_marks_world_and_perception_blocks_fresh (test_astrbot_bridge.AstrBotBridgeTest.test_fresh_world_marks_world_and_perception_blocks_fresh) ... ok
test_invalid_action_params_are_rejected (test_astrbot_bridge.AstrBotBridgeTest.test_invalid_action_params_are_rejected) ... ok
test_missing_world_timestamp_marks_world_and_perception_blocks_stale (test_astrbot_bridge.AstrBotBridgeTest.test_missing_world_timestamp_marks_world_and_perception_blocks_stale) ... ok
test_plugin_action_proposal_is_validated_and_published (test_astrbot_bridge.AstrBotBridgeTest.test_plugin_action_proposal_is_validated_and_published) ... ok
test_stale_perception_block_rejects_proposal (test_astrbot_bridge.AstrBotBridgeTest.test_stale_perception_block_rejects_proposal) ... ok
test_stale_world_marks_world_and_perception_blocks_stale (test_astrbot_bridge.AstrBotBridgeTest.test_stale_world_marks_world_and_perception_blocks_stale) ... ok
test_get_text_raises_on_network_error (test_astrbot_providers.AstrBotSTTProviderTest.test_get_text_raises_on_network_error) ... ok
test_get_text_raises_on_not_ok (test_astrbot_providers.AstrBotSTTProviderTest.test_get_text_raises_on_not_ok) ... ok
test_get_text_returns_text_on_success (test_astrbot_providers.AstrBotSTTProviderTest.test_get_text_returns_text_on_success) ... ok
test_get_text_uploads_local_audio_as_base64 (test_astrbot_providers.AstrBotSTTProviderTest.test_get_text_uploads_local_audio_as_base64) ... ok
test_get_audio_downloads_http_url (test_astrbot_providers.AstrBotTTSProviderTest.test_get_audio_downloads_http_url) ... ok
test_get_audio_raises_on_not_ok (test_astrbot_providers.AstrBotTTSProviderTest.test_get_audio_raises_on_not_ok) ... ok
test_get_audio_returns_local_path_directly (test_astrbot_providers.AstrBotTTSProviderTest.test_get_audio_returns_local_path_directly) ... ok
test_get_audio_writes_base64_response_to_a_local_file (test_astrbot_providers.AstrBotTTSProviderTest.test_get_audio_writes_base64_response_to_a_local_file) ... ok
test_build_server_creates_providers_when_enabled (test_astrbot_providers.BuildServerProviderInjectionTest.test_build_server_creates_providers_when_enabled) ... ok
test_build_server_no_providers_by_default (test_astrbot_providers.BuildServerProviderInjectionTest.test_build_server_no_providers_by_default) ... ok
test_disable_enable_requires_fresh_context_and_old_command_does_not_resume (test_b02_real_composition.RealCompositionActionTest.test_disable_enable_requires_fresh_context_and_old_command_does_not_resume) ... ok
test_real_owner_start_cancel_proof_and_resource_release (test_b02_real_composition.RealCompositionActionTest.test_real_owner_start_cancel_proof_and_resource_release) ... ok
test_restore_stops_live_owner_but_never_replays_or_replaces_execution_facts (test_b02_real_composition.SnapshotRealCompositionTest.test_restore_stops_live_owner_but_never_replays_or_replaces_execution_facts) ... ok
test_existing_keep_choice_never_restarts_or_extends_goal_lease (test_b07_shadow_acceptance.B07ShadowAcceptanceTests.test_existing_keep_choice_never_restarts_or_extends_goal_lease) ... ok
test_malformed_and_injected_responses_have_zero_ledger_or_actor_effects (test_b07_shadow_acceptance.B07ShadowAcceptanceTests.test_malformed_and_injected_responses_have_zero_ledger_or_actor_effects) ... ok
test_wait_and_replan_choices_cannot_transition_goal_or_invoke_action (test_b07_shadow_acceptance.B07ShadowAcceptanceTests.test_wait_and_replan_choices_cannot_transition_goal_or_invoke_action) ... ok
test_reload_rollback_does_not_rollback_execution_facts (test_backup.SnapshotActionFactsTest.test_reload_rollback_does_not_rollback_execution_facts) ... ok
test_restore_keeps_post_snapshot_execution_facts_and_open_ledger (test_backup.SnapshotActionFactsTest.test_restore_keeps_post_snapshot_execution_facts_and_open_ledger) ... ok
test_unproven_admitted_running_and_unknown_restore_fail_closed_without_losing_resources (test_backup.SnapshotActionFactsTest.test_unproven_admitted_running_and_unknown_restore_fail_closed_without_losing_resources) ... ok
test_create_download_and_upload_restore_over_http (test_backup.SnapshotHttpApiTest.test_create_download_and_upload_restore_over_http) ... ok
test_export_and_restore_replaces_the_instance_roots (test_backup.SnapshotServiceTest.test_export_and_restore_replaces_the_instance_roots) ... ok
test_restore_rejects_a_tampered_file_before_replacing_data (test_backup.SnapshotServiceTest.test_restore_rejects_a_tampered_file_before_replacing_data) ... ok
test_restore_rejects_invalid_json_before_the_lifecycle_starts (test_backup.SnapshotServiceTest.test_restore_rejects_invalid_json_before_the_lifecycle_starts) ... ok
test_restore_rejects_path_traversal (test_backup.SnapshotServiceTest.test_restore_rejects_path_traversal) ... ok
test_restore_rolls_back_when_runtime_reload_fails (test_backup.SnapshotServiceTest.test_restore_rolls_back_when_runtime_reload_fails) ... ok
test_atomic_revisions_and_detached_copies (test_capability_catalog.CapabilityCatalogTest.test_atomic_revisions_and_detached_copies) ... ok
test_unavailable_and_disabled_are_explicit (test_capability_catalog.CapabilityCatalogTest.test_unavailable_and_disabled_are_explicit) ... ok
test_version_enabled_and_external_mutation (test_capability_catalog.CapabilityCatalogTest.test_version_enabled_and_external_mutation) ... ok
test_crud_and_shutdown_preserve_enabled_setting (test_connection_manager.ConnectionManagerPersistenceTest.test_crud_and_shutdown_preserve_enabled_setting) ... ok
test_only_one_enabled_astrbotex_client_per_feature (test_connection_manager.ConnectionManagerPersistenceTest.test_only_one_enabled_astrbotex_client_per_feature) ... ok
test_server_and_client_exchange_messages (test_connection_manager.ConnectionManagerWebSocketTest.test_server_and_client_exchange_messages) ... ok
test_astrbotex_profile_matches_response_and_binary_frames (test_connection_manager.ConnectionManagerZeroMQTest.test_astrbotex_profile_matches_response_and_binary_frames) ... ok
test_router_and_dealer_exchange_messages (test_connection_manager.ConnectionManagerZeroMQTest.test_router_and_dealer_exchange_messages) ... ok
test_huge_integer_enum_is_valid_json_and_does_not_call_isfinite_on_int (test_contract_validation.EnumValidationTests.test_huge_integer_enum_is_valid_json_and_does_not_call_isfinite_on_int) ... ok
test_nested_enum_accepts_numeric_int_float_equality (test_contract_validation.EnumValidationTests.test_nested_enum_accepts_numeric_int_float_equality) ... ok
test_nested_enum_distinguishes_bool_from_number (test_contract_validation.EnumValidationTests.test_nested_enum_distinguishes_bool_from_number) ... ok
test_shared_aliases_in_enum_compare_by_active_path (test_contract_validation.EnumValidationTests.test_shared_aliases_in_enum_compare_by_active_path) ... ok
test_cycles_are_rejected (test_contract_validation.JsonBudgetTests.test_cycles_are_rejected) ... ok
test_depth_node_and_byte_limits_are_bounded (test_contract_validation.JsonBudgetTests.test_depth_node_and_byte_limits_are_bounded) ... ok
test_non_finite_values_are_rejected (test_contract_validation.JsonBudgetTests.test_non_finite_values_are_rejected) ... ok
test_shared_acyclic_subtrees_are_allowed (test_contract_validation.JsonBudgetTests.test_shared_acyclic_subtrees_are_allowed) ... ok
test_current_revision_rejects_bool (test_contract_validation.RevisionValidationTests.test_current_revision_rejects_bool) ... ok
test_missing_expected_revision_still_advances (test_contract_validation.RevisionValidationTests.test_missing_expected_revision_still_advances) ... ok
test_revision_upper_bound_and_increment_overflow_are_rejected (test_contract_validation.RevisionValidationTests.test_revision_upper_bound_and_increment_overflow_are_rejected) ... ok
test_effective_open_bounds_do_not_discard_closed_endpoint (test_contract_validation.SchemaValidationTests.test_effective_open_bounds_do_not_discard_closed_endpoint) ... ok
test_explicit_null_keywords_are_rejected (test_contract_validation.SchemaValidationTests.test_explicit_null_keywords_are_rejected) ... ok
test_extreme_multiple_of_uses_exact_decimal_arithmetic (test_contract_validation.SchemaValidationTests.test_extreme_multiple_of_uses_exact_decimal_arithmetic) ... ok
test_large_integer_and_subnormal_multiple_of (test_contract_validation.SchemaValidationTests.test_large_integer_and_subnormal_multiple_of) ... ok
test_multiple_of_uses_exact_decimal_values_and_integer_modulo (test_contract_validation.SchemaValidationTests.test_multiple_of_uses_exact_decimal_values_and_integer_modulo) ... ok
test_numeric_bounds_are_checked_without_integer_float_coercion (test_contract_validation.SchemaValidationTests.test_numeric_bounds_are_checked_without_integer_float_coercion) ... ok
test_required_items_are_structured_errors (test_contract_validation.SchemaValidationTests.test_required_items_are_structured_errors) ... ok
test_typeless_enum_cannot_silently_ignore_constraints (test_contract_validation.SchemaValidationTests.test_typeless_enum_cannot_silently_ignore_constraints) ... ok
test_application_poll_oserror_revokes_running_owner_immediately (test_decision_apply_io.ApplyIOTests.test_application_poll_oserror_revokes_running_owner_immediately) ... ok
test_application_poll_capacity_fault_revokes_running_owner (test_decision_apply_io.ApplyIOTests.test_application_poll_capacity_fault_revokes_running_owner) ... ok
test_application_dispatcher_busy_revokes_running_owner (test_decision_apply_io.ApplyIOTests.test_application_dispatcher_busy_revokes_running_owner) ... ok
test_application_execution_oserror_revokes_running_owner (test_decision_apply_io.ApplyIOTests.test_application_execution_oserror_revokes_running_owner) ... ok
test_application_execution_timeout_revokes_running_owner (test_decision_apply_io.ApplyIOTests.test_application_execution_timeout_revokes_running_owner) ... ok
test_application_ledger_busy_revokes_running_owner (test_decision_apply_io.ApplyIOTests.test_application_ledger_busy_revokes_running_owner) ... ok
test_application_ledger_closed_revokes_running_owner (test_decision_apply_io.ApplyIOTests.test_application_ledger_closed_revokes_running_owner) ... ok
test_application_ledger_fault_revokes_running_owner (test_decision_apply_io.ApplyIOTests.test_application_ledger_fault_revokes_running_owner) ... ok
test_every_trusted_version_changed_must_fail_before_external_dispatch (test_decision_backend_contract.BackendContractTests.test_every_trusted_version_changed_must_fail_before_external_dispatch) ... ok
test_reconfigure_immutable_config_cannot_mutate_without_epoch (test_decision_backend_contract.BackendContractTests.test_reconfigure_immutable_config_cannot_mutate_without_epoch) ... ok
test_static_registry_no_dynamic_import_or_plugin_lookup (test_decision_backend_contract.BackendContractTests.test_static_registry_no_dynamic_import_or_plugin_lookup) ... ok
test_synchronous_duck_interface_and_no_execution_side_effects (test_decision_backend_contract.BackendContractTests.test_synchronous_duck_interface_and_no_execution_side_effects) ... ok
test_active_cancel_one_terminal_with_original_structured_proof_and_replay (test_decision_cancel_lease.CancelLeaseTests.test_active_cancel_one_terminal_with_original_structured_proof_and_replay) ... ok
test_lease_expiry_has_full_stop_proof_no_success_or_renew_resurrection (test_decision_cancel_lease.CancelLeaseTests.test_lease_expiry_has_full_stop_proof_no_success_or_renew_resurrection) ... ok
test_lease_missing_stop_proof_never_emits_timed_out_goal (test_decision_cancel_lease.CancelLeaseTests.test_lease_missing_stop_proof_never_emits_timed_out_goal) ... ok
test_missing_stop_and_late_proof_stay_blocked_without_terminal (test_decision_cancel_lease.CancelLeaseTests.test_missing_stop_and_late_proof_stay_blocked_without_terminal) ... ok
test_original_task_owner_replay_rejected_after_new_task_binding (test_decision_cancel_lease.CancelLeaseTests.test_original_task_owner_replay_rejected_after_new_task_binding) ... ok
test_pending_goal_cancel_before_start_preserves_target_and_zero_starts (test_decision_cancel_lease.CancelLeaseTests.test_pending_goal_cancel_before_start_preserves_target_and_zero_starts) ... ok
test_terminal_draft_epoch_stop_supersede_preserves_authority (test_decision_cancel_lease.CancelLeaseTests.test_terminal_draft_epoch_stop_supersede_preserves_authority) ... ok
test_terminal_draft_io_fault_latches_and_stops (test_decision_cancel_lease.CancelLeaseTests.test_terminal_draft_io_fault_latches_and_stops) ... ok
test_terminal_draft_superseded_by_new_goal_cannot_clear_pending (test_decision_cancel_lease.CancelLeaseTests.test_terminal_draft_superseded_by_new_goal_cannot_clear_pending) ... ok
test_terminal_publish_io_fault_latches_and_stops (test_decision_cancel_lease.CancelLeaseTests.test_terminal_publish_io_fault_latches_and_stops) ... ok
test_old_session_canceled_record_restart_can_be_physically_proven (test_decision_cancel_lease.RestartPhysicalStateTests.test_old_session_canceled_record_restart_can_be_physically_proven) ... ok
test_old_session_unknown_without_proof_restart_is_not_safe (test_decision_cancel_lease.RestartPhysicalStateTests.test_old_session_unknown_without_proof_restart_is_not_safe) ... ok
test_goal_command_and_event_examples_parse (test_decision_contracts.DocumentedExamplesTests.test_goal_command_and_event_examples_parse) ... ok
test_all_cases_pass (test_decision_contracts.GoldenFixtureTests.test_all_cases_pass) ... ok
test_case_count (test_decision_contracts.GoldenFixtureTests.test_case_count) ... ok
test_fixture_is_json_round_trippable (test_decision_contracts.GoldenFixtureTests.test_fixture_is_json_round_trippable) ... ok
test_fixture_matches_generator (test_decision_contracts.GoldenFixtureTests.test_fixture_matches_generator) ... ok
test_contract_module_has_no_side_effects (test_decision_contracts.NoHardwareImportTests.test_contract_module_has_no_side_effects) ... ok
test_contract_modules_import_only_stdlib (test_decision_contracts.NoHardwareImportTests.test_contract_modules_import_only_stdlib) ... ok
test_every_required_scenario_is_covered (test_decision_contracts.RequiredCoverageTests.test_every_required_scenario_is_covered) ... ok
test_all_paths_and_markdown_examples (test_decision_fixtures.DecisionFixturesTest.test_all_paths_and_markdown_examples) ... ok
test_counts_index_and_references (test_decision_fixtures.DecisionFixturesTest.test_counts_index_and_references) ... ok
test_independent_action_outcomes_and_stop_evidence (test_decision_fixtures.DecisionFixturesTest.test_independent_action_outcomes_and_stop_evidence) ... ok
test_invalid_inputs_and_trusted_comparisons (test_decision_fixtures.DecisionFixturesTest.test_invalid_inputs_and_trusted_comparisons) ... ok
test_observation_identity_and_coordinates (test_decision_fixtures.DecisionFixturesTest.test_observation_identity_and_coordinates) ... ok
test_strict_parser (test_decision_fixtures.DecisionFixturesTest.test_strict_parser) ... ok
test_trigger_failure_rolls_back_goal_and_admission_then_replay_is_idempotent (test_decision_journal.JournalAdmissionTests.test_trigger_failure_rolls_back_goal_and_admission_then_replay_is_idempotent) ... ok
test_ack_runtime_fault_stops_actual_active_goal (test_decision_journal.RealJournalControllerTests.test_ack_runtime_fault_stops_actual_active_goal) ... ok
test_collect_future_timeout_stops_actual_active_goal (test_decision_journal.RealJournalControllerTests.test_collect_future_timeout_stops_actual_active_goal) ... ok
test_collect_ledger_failure_stops_actual_active_goal (test_decision_journal.RealJournalControllerTests.test_collect_ledger_failure_stops_actual_active_goal) ... ok
test_collect_real_sql_failure_stops_actual_active_goal (test_decision_journal.RealJournalControllerTests.test_collect_real_sql_failure_stops_actual_active_goal) ... ok
test_collect_runtime_capacity_fault_stops_actual_active_goal (test_decision_journal.RealJournalControllerTests.test_collect_runtime_capacity_fault_stops_actual_active_goal) ... ok
test_disabled_decision_owner_fault_still_requests_physical_stop (test_decision_journal.RealJournalControllerTests.test_disabled_decision_owner_fault_still_requests_physical_stop) ... ok
test_disabled_sdk_real_start_collect_fault_latches_without_revoking_sdk (test_decision_journal.RealJournalControllerTests.test_disabled_sdk_real_start_collect_fault_latches_without_revoking_sdk) ... ok
test_natural_retention_tombstones_and_page_horizon (test_decision_journal.RealJournalControllerTests.test_natural_retention_tombstones_and_page_horizon) ... ok
test_network_route_and_request_failures_retain_fact_without_stopping (test_decision_journal.RealJournalControllerTests.test_network_route_and_request_failures_retain_fact_without_stopping) ... ok
test_pending_runtime_fault_stops_actual_active_goal (test_decision_journal.RealJournalControllerTests.test_pending_runtime_fault_stops_actual_active_goal) ... ok
test_real_admission_capacity_fault_stops_actual_active_goal (test_decision_journal.RealJournalControllerTests.test_real_admission_capacity_fault_stops_actual_active_goal) ... ok
test_real_admission_sql_failure_is_atomic_and_stops_actual_active_goal (test_decision_journal.RealJournalControllerTests.test_real_admission_sql_failure_is_atomic_and_stops_actual_active_goal) ... ok
test_shadow_sdk_real_start_sql_fault_latches_without_revoking_sdk (test_decision_journal.RealJournalControllerTests.test_shadow_sdk_real_start_sql_fault_latches_without_revoking_sdk) ... ok
test_state_active_unresolved_and_fault_cannot_claim_safe (test_decision_journal.RealJournalControllerTests.test_state_active_unresolved_and_fault_cannot_claim_safe) ... ok
test_state_idle_is_not_stop_proof_and_gate_epoch_is_rechecked (test_decision_journal.RealJournalControllerTests.test_state_idle_is_not_stop_proof_and_gate_epoch_is_rechecked) ... ok
test_large_metadata_keeps_entire_display_record_within_budget_and_full_input_hash (test_decision_management_boundaries.DecisionManagementRecordBoundaryTests.test_large_metadata_keeps_entire_display_record_within_budget_and_full_input_hash) ... ok
test_duplicate_security_headers_and_ambiguous_or_oversize_query_return_400 (test_decision_management_boundaries.DecisionManagementRequestBoundaryTests.test_duplicate_security_headers_and_ambiguous_or_oversize_query_return_400) ... ok
test_non_ascii_wrong_bearer_returns_401_without_handler_failure (test_decision_management_boundaries.DecisionManagementRequestBoundaryTests.test_non_ascii_wrong_bearer_returns_401_without_handler_failure) ... ok
test_real_event_bus_publishes_id_notice_without_full_snapshot_or_input (test_decision_management_boundaries.DecisionManagementRequestBoundaryTests.test_real_event_bus_publishes_id_notice_without_full_snapshot_or_input) ... ok
test_actual_full_hash_survives_redaction_and_sse_notice_contains_only_ids (test_decision_management_history.DecisionManagementHistoryTests.test_actual_full_hash_survives_redaction_and_sse_notice_contains_only_ids) ... ok
test_different_previous_last_record_is_not_attached_to_current_request (test_decision_management_history.DecisionManagementHistoryTests.test_different_previous_last_record_is_not_attached_to_current_request) ... ok
test_display_marks_truncation_and_preserves_original_display_size (test_decision_management_history.DecisionManagementHistoryTests.test_display_marks_truncation_and_preserves_original_display_size) ... ok
test_ex_outcome_and_commands_are_recorded_separately_from_model_choice (test_decision_management_history.DecisionManagementHistoryTests.test_ex_outcome_and_commands_are_recorded_separately_from_model_choice) ... ok
test_progress_distinguishes_prepared_socket_write_and_received_response (test_decision_management_history.DecisionManagementHistoryTests.test_progress_distinguishes_prepared_socket_write_and_received_response) ... ok
test_storage_and_pages_are_bounded_without_losing_sequential_records (test_decision_management_history.DecisionManagementHistoryTests.test_storage_and_pages_are_bounded_without_losing_sequential_records) ... ok
test_all_sensitive_old_and_new_reads_require_credential (test_decision_management_http.DecisionManagementHTTPTests.test_all_sensitive_old_and_new_reads_require_credential) ... ok
test_atomic_save_failure_preserves_disk_saved_effective_and_revision (test_decision_management_http.DecisionManagementHTTPTests.test_atomic_save_failure_preserves_disk_saved_effective_and_revision) ... ok
test_backends_show_real_capabilities_and_probe_has_no_action_side_effect (test_decision_management_http.DecisionManagementHTTPTests.test_backends_show_real_capabilities_and_probe_has_no_action_side_effect) ... ok
test_backup_excludes_secret_credentials_and_restore_creates_new_version (test_decision_management_http.DecisionManagementHTTPTests.test_backup_excludes_secret_credentials_and_restore_creates_new_version) ... ok
test_concurrent_cas_only_one_save_succeeds_and_old_write_cannot_overwrite (test_decision_management_http.DecisionManagementHTTPTests.test_concurrent_cas_only_one_save_succeeds_and_old_write_cannot_overwrite) ... ok
test_host_origin_are_checked_and_script_without_origin_still_needs_auth (test_decision_management_http.DecisionManagementHTTPTests.test_host_origin_are_checked_and_script_without_origin_still_needs_auth) ... ok
test_invalid_session_and_readonly_execution_model_fields_do_not_write (test_decision_management_http.DecisionManagementHTTPTests.test_invalid_session_and_readonly_execution_model_fields_do_not_write) ... ok
test_mode_is_async_and_does_not_start_runtime_or_goal (test_decision_management_http.DecisionManagementHTTPTests.test_mode_is_async_and_does_not_start_runtime_or_goal) ... ok
test_old_control_aliases_writes_upload_and_restore_are_not_auth_bypasses (test_decision_management_http.DecisionManagementHTTPTests.test_old_control_aliases_writes_upload_and_restore_are_not_auth_bypasses) ... ok
test_ordinary_assembly_cannot_gain_laya_execution_from_http (test_decision_management_http.DecisionManagementHTTPTests.test_ordinary_assembly_cannot_gain_laya_execution_from_http) ... ok
test_pagination_limits_and_unknown_operation_have_explicit_errors (test_decision_management_http.DecisionManagementHTTPTests.test_pagination_limits_and_unknown_operation_have_explicit_errors) ... ok
test_save_updates_saved_only_without_probe_process_mode_runtime_or_goal (test_decision_management_http.DecisionManagementHTTPTests.test_save_updates_saved_only_without_probe_process_mode_runtime_or_goal) ... ok
test_secret_set_keep_clear_no_implicit_empty_clear_and_permissions (test_decision_management_http.DecisionManagementHTTPTests.test_secret_set_keep_clear_no_implicit_empty_clear_and_permissions) ... ok
test_sensitive_json_has_no_wildcard_cors_and_is_not_cached (test_decision_management_http.DecisionManagementHTTPTests.test_sensitive_json_has_no_wildcard_cors_and_is_not_cached) ... ok
test_stop_ignores_stale_revision_but_requires_current_session_and_proof (test_decision_management_http.DecisionManagementHTTPTests.test_stop_ignores_stale_revision_but_requires_current_session_and_proof) ... ok
test_duplicate_start_reuses_intent_and_stop_revokes_latched_warmup (test_decision_management_interleaving.DecisionManagementInterleavingTests.test_duplicate_start_reuses_intent_and_stop_revokes_latched_warmup) ... ok
test_new_stop_wins_over_backend_apply_latched_before_trusted_replacement (test_decision_management_interleaving.DecisionManagementInterleavingTests.test_new_stop_wins_over_backend_apply_latched_before_trusted_replacement) ... ok
test_post_timeout_quarantine_crosses_instances_and_http_recovery_requires_new_goal (test_decision_management_interleaving.DecisionManagementInterleavingTests.test_post_timeout_quarantine_crosses_instances_and_http_recovery_requires_new_goal) ... ok
test_active_operation_limit_is_enforced_without_dropping_existing_operations (test_decision_management_operations.DecisionManagementOperationsTests.test_active_operation_limit_is_enforced_without_dropping_existing_operations) ... ok
test_completed_retention_keeps_128_without_pruning_an_active_operation (test_decision_management_operations.DecisionManagementOperationsTests.test_completed_retention_keeps_128_without_pruning_an_active_operation) ... ok
test_config_save_supersedes_cold_recover_and_cleans_only_its_candidate (test_decision_management_operations.DecisionManagementOperationsTests.test_config_save_supersedes_cold_recover_and_cleans_only_its_candidate) ... ok
test_invalidation_between_work_and_result_commit_cannot_report_success (test_decision_management_operations.DecisionManagementOperationsTests.test_invalidation_between_work_and_result_commit_cannot_report_success) ... ok
test_new_stop_atomically_rejects_old_mode_at_trusted_commit_boundary (test_decision_management_operations.DecisionManagementOperationsTests.test_new_stop_atomically_rejects_old_mode_at_trusted_commit_boundary) ... ok
test_repeated_start_reuses_id_and_stop_revokes_before_load_latch_releases (test_decision_management_operations.DecisionManagementOperationsTests.test_repeated_start_reuses_id_and_stop_revokes_before_load_latch_releases) ... ok
test_audio_subscriber_block_does_not_hold_stop_or_voice_locks (test_decision_public_delivery.PublicDeliveryPermitTests.test_audio_subscriber_block_does_not_hold_stop_or_voice_locks) ... ok
test_commit_returns_one_per_message_id_without_publishing (test_decision_public_delivery.PublicDeliveryPermitTests.test_commit_returns_one_per_message_id_without_publishing) ... ok
test_late_provider_old_generation_and_queued_text_have_zero_output (test_decision_public_delivery.PublicDeliveryPermitTests.test_late_provider_old_generation_and_queued_text_have_zero_output) ... ok
test_text_subscriber_block_does_not_hold_stop_or_voice_locks (test_decision_public_delivery.PublicDeliveryPermitTests.test_text_subscriber_block_does_not_hold_stop_or_voice_locks) ... ok
test_jev_config_change_during_transport_updates_ex_revision_and_no_dispatch (test_decision_runtime_integration.JevServiceCompositionTests.test_jev_config_change_during_transport_updates_ex_revision_and_no_dispatch) ... ok
test_jev_execute_rejected_for_disabled_and_shadow_configuration (test_decision_runtime_integration.JevServiceCompositionTests.test_jev_execute_rejected_for_disabled_and_shadow_configuration) ... ok
test_jev_late_goal_result_is_discarded_by_real_service (test_decision_runtime_integration.JevServiceCompositionTests.test_jev_late_goal_result_is_discarded_by_real_service) ... ok
test_jev_returned_result_config_change_uses_ex_revision_not_only_backend_epoch (test_decision_runtime_integration.JevServiceCompositionTests.test_jev_returned_result_config_change_uses_ex_revision_not_only_backend_epoch) ... ok
test_jev_shadow_cancel_choice_has_zero_cancel_and_lease_side_effect (test_decision_runtime_integration.JevServiceCompositionTests.test_jev_shadow_cancel_choice_has_zero_cancel_and_lease_side_effect) ... ok
test_jev_shadow_gate_still_blocks_admission_if_mode_field_is_misused (test_decision_runtime_integration.JevServiceCompositionTests.test_jev_shadow_gate_still_blocks_admission_if_mode_field_is_misused) ... ok
test_jev_shadow_start_selection_does_not_execute_enable_or_renew (test_decision_runtime_integration.JevServiceCompositionTests.test_jev_shadow_start_selection_does_not_execute_enable_or_renew) ... ok
test_G04_controller_status_and_stop_do_not_wait_latched_backend (test_decision_runtime_integration.RuntimeDecisionIntegrationTests.test_G04_controller_status_and_stop_do_not_wait_latched_backend) ... ok
test_G04_real_http_status_available_while_backend_is_latched (test_decision_runtime_integration.RuntimeDecisionIntegrationTests.test_G04_real_http_status_available_while_backend_is_latched) ... ok
test_G07_environment_switch_hook_closes_gate_before_transition (test_decision_runtime_integration.RuntimeDecisionIntegrationTests.test_G07_environment_switch_hook_closes_gate_before_transition) ... ok
test_G08_pause_then_runtime_start_needs_fresh_goal (test_decision_runtime_integration.RuntimeDecisionIntegrationTests.test_G08_pause_then_runtime_start_needs_fresh_goal) ... ok
test_G09_no_goal_no_motion_interaction_and_perception_continue (test_decision_runtime_integration.RuntimeDecisionIntegrationTests.test_G09_no_goal_no_motion_interaction_and_perception_continue) ... ok
test_build_server_disabled_default_status_cached_and_close_reclaims (test_decision_runtime_integration.RuntimeDecisionIntegrationTests.test_build_server_disabled_default_status_cached_and_close_reclaims) ... ok
test_python310_socket_close_error_does_not_drop_other_shutdown_errors (test_decision_runtime_integration.RuntimeDecisionIntegrationTests.test_python310_socket_close_error_does_not_drop_other_shutdown_errors) ... ok
test_review_close_failure_still_reclaims_action_workers_and_socket (test_decision_runtime_integration.RuntimeDecisionIntegrationTests.test_review_close_failure_still_reclaims_action_workers_and_socket) ... ok
test_review_multiple_close_errors_are_reported_after_cleanup (test_decision_runtime_integration.RuntimeDecisionIntegrationTests.test_review_multiple_close_errors_are_reported_after_cleanup) ... ok
test_review_noncooperative_backend_close_reports_timeout_and_reclaims_action_socket (test_decision_runtime_integration.RuntimeDecisionIntegrationTests.test_review_noncooperative_backend_close_reports_timeout_and_reclaims_action_socket) ... ok
test_legal_quoted_backslash_unicode_secret_is_redacted_from_actual_body_and_nested_json (test_decision_secret_redaction.DecisionSecretRedactionTests.test_legal_quoted_backslash_unicode_secret_is_redacted_from_actual_body_and_nested_json) ... ok
test_G02_100_replacements_blocked_backend_late_result_is_discarded (test_decision_service.DecisionServiceTests.test_G02_100_replacements_blocked_backend_late_result_is_discarded) ... ok
test_G03_cancel_without_committed_evidence_blocks_new_start (test_decision_service.DecisionServiceTests.test_G03_cancel_without_committed_evidence_blocks_new_start) ... ok
test_G04_sqlite_latch_does_not_hold_stop_status_runtime_lock (test_decision_service.DecisionServiceTests.test_G04_sqlite_latch_does_not_hold_stop_status_runtime_lock) ... ok
test_G04_timeout_keeps_single_live_request_and_stop_status_are_prompt (test_decision_service.DecisionServiceTests.test_G04_timeout_keeps_single_live_request_and_stop_status_are_prompt) ... ok
test_G05_observation_ages_during_backend_call_no_physical_start (test_decision_service.DecisionServiceTests.test_G05_observation_ages_during_backend_call_no_physical_start) ... ok
test_G05_source_restarts_during_backend_request_result_is_discarded (test_decision_service.DecisionServiceTests.test_G05_source_restarts_during_backend_request_result_is_discarded) ... ok
test_G06_independent_choices_share_resource_zero_double_start (test_decision_service.DecisionServiceTests.test_G06_independent_choices_share_resource_zero_double_start) ... ok
test_G07_catalog_plugin_generation_change_rejects_late_start (test_decision_service.DecisionServiceTests.test_G07_catalog_plugin_generation_change_rejects_late_start) ... ok
test_G07_config_change_discards_bound_response (test_decision_service.DecisionServiceTests.test_G07_config_change_discards_bound_response) ... ok
test_G07_environment_generation_change_rejects_late_start (test_decision_service.DecisionServiceTests.test_G07_environment_generation_change_rejects_late_start) ... ok
test_G08_offline_lease_expires_and_restart_does_not_authorize (test_decision_service.DecisionServiceTests.test_G08_offline_lease_expires_and_restart_does_not_authorize) ... ok
test_G10_late_owner_rejection_rolls_back_started_peer (test_decision_service.DecisionServiceTests.test_G10_late_owner_rejection_rolls_back_started_peer) ... ok
test_backend_failure_backoff_and_close_reclaims_blocked_workers (test_decision_service.DecisionServiceTests.test_backend_failure_backoff_and_close_reclaims_blocked_workers) ... ok
test_backend_invented_option_cannot_dispatch (test_decision_service.DecisionServiceTests.test_backend_invented_option_cannot_dispatch) ... ok
test_backend_replace_checks_fresh_ledger_despite_empty_observation_cache (test_decision_service.DecisionServiceTests.test_backend_replace_checks_fresh_ledger_despite_empty_observation_cache) ... ok
test_backend_replace_factory_and_retired_close_do_not_hold_state_lock (test_decision_service.DecisionServiceTests.test_backend_replace_factory_and_retired_close_do_not_hold_state_lock) ... ok
test_backend_replace_factory_failures_preserve_identity_and_revision (test_decision_service.DecisionServiceTests.test_backend_replace_factory_failures_preserve_identity_and_revision) ... ok
test_backend_replace_laya_protocol_stub_uses_formal_decide_and_rejects_old_result (test_decision_service.DecisionServiceTests.test_backend_replace_laya_protocol_stub_uses_formal_decide_and_rejects_old_result) ... ok
test_backend_replace_loading_is_superseded_by_explicit_stop (test_decision_service.DecisionServiceTests.test_backend_replace_loading_is_superseded_by_explicit_stop) ... ok
test_backend_replace_rejects_response_application_window (test_decision_service.DecisionServiceTests.test_backend_replace_rejects_response_application_window) ... ok
test_backend_replace_requires_disabled_and_finished_provider_request (test_decision_service.DecisionServiceTests.test_backend_replace_requires_disabled_and_finished_provider_request) ... ok
test_backend_replace_retired_close_failure_reports_applied_new_identity (test_decision_service.DecisionServiceTests.test_backend_replace_retired_close_failure_reports_applied_new_identity) ... ok
test_closed_service_rejects_stop_and_cancel_without_replacing_proven_receipt (test_decision_service.DecisionServiceTests.test_closed_service_rejects_stop_and_cancel_without_replacing_proven_receipt) ... ok
test_completed_synchronous_stop_is_not_replayed_against_new_sdk_context (test_decision_service.DecisionServiceTests.test_completed_synchronous_stop_is_not_replayed_against_new_sdk_context) ... ok
test_completed_synchronous_stop_then_poll_failure_remains_passive (test_decision_service.DecisionServiceTests.test_completed_synchronous_stop_then_poll_failure_remains_passive) ... ok
test_disabled_explicit_stop_and_mode_change_still_revoke_sdk_context (test_decision_service.DecisionServiceTests.test_disabled_explicit_stop_and_mode_change_still_revoke_sdk_context) ... ok
test_disabled_pending_goal_still_blocks_on_uncertain_actions (test_decision_service.DecisionServiceTests.test_disabled_pending_goal_still_blocks_on_uncertain_actions) ... ok
test_disabled_startup_recovery_remains_blocked_until_explicit_review (test_decision_service.DecisionServiceTests.test_disabled_startup_recovery_remains_blocked_until_explicit_review) ... ok
test_disabled_unowned_ledger_error_does_not_revoke_sdk_context (test_decision_service.DecisionServiceTests.test_disabled_unowned_ledger_error_does_not_revoke_sdk_context) ... ok
test_disabled_unowned_uncertainty_does_not_revoke_sdk_context (test_decision_service.DecisionServiceTests.test_disabled_unowned_uncertainty_does_not_revoke_sdk_context) ... ok
test_disabling_active_goal_still_cancels_before_releasing_authorization (test_decision_service.DecisionServiceTests.test_disabling_active_goal_still_cancels_before_releasing_authorization) ... ok
test_explicit_review_clears_block_but_discards_pending_authorization (test_decision_service.DecisionServiceTests.test_explicit_review_clears_block_but_discards_pending_authorization) ... ok
test_goal_cancel_cannot_reuse_prior_stop_proof_for_new_sdk_action (test_decision_service.DecisionServiceTests.test_goal_cancel_cannot_reuse_prior_stop_proof_for_new_sdk_action) ... ok
test_keep_does_not_repeat_start_and_completion_awaits_committed_success (test_decision_service.DecisionServiceTests.test_keep_does_not_repeat_start_and_completion_awaits_committed_success) ... ok
test_observation_pagination_uses_one_total_budget_before_next_submission (test_decision_service.DecisionServiceTests.test_observation_pagination_uses_one_total_budget_before_next_submission) ... ok
test_old_activation_review_failure_cannot_block_new_stop (test_decision_service.DecisionServiceTests.test_old_activation_review_failure_cannot_block_new_stop) ... ok
test_old_review_failure_cannot_overwrite_new_stop (test_decision_service.DecisionServiceTests.test_old_review_failure_cannot_overwrite_new_stop) ... ok
test_old_review_success_cannot_complete_new_stop (test_decision_service.DecisionServiceTests.test_old_review_success_cannot_complete_new_stop) ... ok
test_old_stop_failure_cannot_overwrite_new_request (test_decision_service.DecisionServiceTests.test_old_stop_failure_cannot_overwrite_new_request) ... ok
test_persistent_poll_and_ledger_failure_keeps_resources_and_bounds_stop_attempts (test_decision_service.DecisionServiceTests.test_persistent_poll_and_ledger_failure_keeps_resources_and_bounds_stop_attempts) ... ok
test_persistent_poll_failure_cancels_real_running_owner_without_proof (test_decision_service.DecisionServiceTests.test_persistent_poll_failure_cancels_real_running_owner_without_proof) ... ok
test_persistent_poll_failure_does_not_wait_for_live_provider_to_stop (test_decision_service.DecisionServiceTests.test_persistent_poll_failure_does_not_wait_for_live_provider_to_stop) ... ok
test_persistent_poll_failure_preserves_pending_replacement_and_responds_to_review (test_decision_service.DecisionServiceTests.test_persistent_poll_failure_preserves_pending_replacement_and_responds_to_review) ... ok
test_persistent_unowned_poll_failure_never_revokes_or_cancels_sdk_context (test_decision_service.DecisionServiceTests.test_persistent_unowned_poll_failure_never_revokes_or_cancels_sdk_context) ... ok
test_proof_retries_keep_same_gate_epoch_and_do_not_clear_blocked_goal (test_decision_service.DecisionServiceTests.test_proof_retries_keep_same_gate_epoch_and_do_not_clear_blocked_goal) ... ok
test_python310_shutdown_aggregate_preserves_all_errors_and_cleanup (test_decision_service.DecisionServiceTests.test_python310_shutdown_aggregate_preserves_all_errors_and_cleanup) ... ok
test_review_cancel_before_worker_claim_has_no_review_side_effect (test_decision_service.DecisionServiceTests.test_review_cancel_before_worker_claim_has_no_review_side_effect) ... ok
test_review_cancel_during_execution_is_false_and_completion_truthful (test_decision_service.DecisionServiceTests.test_review_cancel_during_execution_is_false_and_completion_truthful) ... ok
test_review_cancelled_review_consumed_without_worker_fault (test_decision_service.DecisionServiceTests.test_review_cancelled_review_consumed_without_worker_fault) ... ok
test_review_old_observation_cannot_borrow_latest_frame_freshness (test_decision_service.DecisionServiceTests.test_review_old_observation_cannot_borrow_latest_frame_freshness) ... ok
test_review_request_observation_guard_keeps_original_fields_and_age (test_decision_service.DecisionServiceTests.test_review_request_observation_guard_keeps_original_fields_and_age) ... ok
test_review_target_ref_apply_rejects_mismatch_without_notify (test_decision_service.DecisionServiceTests.test_review_target_ref_apply_rejects_mismatch_without_notify) ... ok
test_review_target_ref_rechecked_before_actor_queued_start (test_decision_service.DecisionServiceTests.test_review_target_ref_rechecked_before_actor_queued_start) ... ok
test_shadow_replan_has_no_goal_or_dispatch_side_effect (test_decision_service.DecisionServiceTests.test_shadow_replan_has_no_goal_or_dispatch_side_effect) ... ok
test_stop_receipt_distinguishes_requested_running_and_proven (test_decision_service.DecisionServiceTests.test_stop_receipt_distinguishes_requested_running_and_proven) ... ok
test_stop_request_exception_has_bounded_backoff_without_poll_dependency (test_decision_service.DecisionServiceTests.test_stop_request_exception_has_bounded_backoff_without_poll_dependency) ... ok
test_worker_io_failure_with_active_goal_still_revokes_and_requests_stop (test_decision_service.DecisionServiceTests.test_worker_io_failure_with_active_goal_still_revokes_and_requests_stop) ... ok
test_all_frozen_request_methods_dispatch_injected_callable (test_decision_transport.DecisionTransportTests.test_all_frozen_request_methods_dispatch_injected_callable) ... ok
test_public_task_gate_generation_dedup_and_normal_chat (test_decision_transport.DecisionTransportTests.test_public_task_gate_generation_dedup_and_normal_chat) ... ok
test_unknown_invalid_identity_binary_do_not_fall_back (test_decision_transport.DecisionTransportTests.test_unknown_invalid_identity_binary_do_not_fall_back) ... ok
test_deactivation_hook_runs_on_actor_and_gets_only_stop_channel (test_environment_boundaries.EnvironmentBoundaryTest.test_deactivation_hook_runs_on_actor_and_gets_only_stop_channel) ... ok
test_deployment_locks_are_visible_and_reject_conflicting_config (test_environment_boundaries.EnvironmentBoundaryTest.test_deployment_locks_are_visible_and_reject_conflicting_config) ... ok
test_late_callback_from_old_binding_is_rejected_in_same_environment (test_environment_boundaries.EnvironmentBoundaryTest.test_late_callback_from_old_binding_is_rejected_in_same_environment) ... ok
test_oversized_messages_are_rejected_and_queue_bytes_clear_on_switch (test_environment_boundaries.EnvironmentBoundaryTest.test_oversized_messages_are_rejected_and_queue_bytes_clear_on_switch) ... ok
test_quiesce_timeout_preserves_path_and_revokes_late_stop_permission (test_environment_boundaries.EnvironmentBoundaryTest.test_quiesce_timeout_preserves_path_and_revokes_late_stop_permission) ... ok
test_restored_selected_mode_rebinds_without_starting_runtime (test_environment_boundaries.EnvironmentBoundaryTest.test_restored_selected_mode_rebinds_without_starting_runtime) ... ok
test_runtime_control_cannot_be_rebound (test_environment_boundaries.EnvironmentBoundaryTest.test_runtime_control_cannot_be_rebound) ... ok
test_save_failure_keeps_ros_resource_and_does_not_claim_normal (test_environment_boundaries.EnvironmentBoundaryTest.test_save_failure_keeps_ros_resource_and_does_not_claim_normal) ... ok
test_structural_events_are_not_filtered (test_environment_boundaries.EnvironmentBoundaryTest.test_structural_events_are_not_filtered) ... ok
test_navigation_and_invalid_config_do_not_change_runtime (test_environment_http.EnvironmentHttpTest.test_navigation_and_invalid_config_do_not_change_runtime) ... ok
test_operation_status_revision_conflicts_and_unknown_operation (test_environment_http.EnvironmentHttpTest.test_operation_status_revision_conflicts_and_unknown_operation) ... ok
test_async_switch_and_revision_conflict (test_environments.EnvironmentTest.test_async_switch_and_revision_conflict) ... ok
test_expiry_and_runtime_gate_drop_unsent_control (test_environments.EnvironmentTest.test_expiry_and_runtime_gate_drop_unsent_control) ... ok
test_failed_start_does_not_persist_or_break_internal_bus (test_environments.EnvironmentTest.test_failed_start_does_not_persist_or_break_internal_bus) ... ok
test_handles_rebind_and_old_generation_is_discarded (test_environments.EnvironmentTest.test_handles_rebind_and_old_generation_is_discarded) ... ok
test_invalid_contract_does_not_create_resource (test_environments.EnvironmentTest.test_invalid_contract_does_not_create_resource) ... ok
test_normal_is_waiting_and_does_not_turn_topicbus_into_ros (test_environments.EnvironmentTest.test_normal_is_waiting_and_does_not_turn_topicbus_into_ros) ... ok
test_output_queue_age_boundary (test_environments.EnvironmentTest.test_output_queue_age_boundary) ... ok
test_owner_cleanup_even_if_plugin_unload_raises (test_environments.EnvironmentTest.test_owner_cleanup_even_if_plugin_unload_raises) ... ok
test_publish_is_queued_until_native_call_and_overflow_is_explicit (test_environments.EnvironmentTest.test_publish_is_queued_until_native_call_and_overflow_is_explicit) ... ok
test_reconfiguration_only_rebuilds_changed_port (test_environments.EnvironmentTest.test_reconfiguration_only_rebuilds_changed_port) ... ok
test_restore_closes_old_owners_and_retains_bus_instance (test_environments.EnvironmentTest.test_restore_closes_old_owners_and_retains_bus_instance) ... ok
test_subscriptions_are_per_owner_and_bounded (test_environments.EnvironmentTest.test_subscriptions_are_per_owner_and_bounded) ... ok
test_binding_revision_and_pubsub_preservation (test_environments.RosConfigPersistenceTest.test_binding_revision_and_pubsub_preservation) ... ok
test_filters_high_frequency_runtime_noise (test_event_bus.EventBusLogFilterTest.test_filters_high_frequency_runtime_noise) ... ok
test_publishes_degraded_unavailable_events_without_error_severity (test_event_bus.EventBusLogFilterTest.test_publishes_degraded_unavailable_events_without_error_severity) ... ok
test_publishes_lifecycle_and_errors (test_event_bus.EventBusLogFilterTest.test_publishes_lifecycle_and_errors) ... ok
test_all_request_entries_are_strict (test_goal_contract_validation.DecisionMessageValidationTests.test_all_request_entries_are_strict) ... ok
test_bad_types_and_mutation (test_goal_contract_validation.DecisionMessageValidationTests.test_bad_types_and_mutation) ... ok
test_bootstrap_and_empty_trimmed_latest (test_goal_contract_validation.DecisionMessageValidationTests.test_bootstrap_and_empty_trimmed_latest) ... ok
test_canceled_event_page_and_feedback_require_stop_proof (test_goal_contract_validation.DecisionMessageValidationTests.test_canceled_event_page_and_feedback_require_stop_proof) ... ok
test_event_history_reports_indexed_paths (test_goal_contract_validation.DecisionMessageValidationTests.test_event_history_reports_indexed_paths) ... ok
test_events_reject_bad_full_buffer_and_strict_page (test_goal_contract_validation.DecisionMessageValidationTests.test_events_reject_bad_full_buffer_and_strict_page) ... ok
test_events_resync_and_reply_round_trip (test_goal_contract_validation.DecisionMessageValidationTests.test_events_resync_and_reply_round_trip) ... ok
test_idempotency_validates_before_copy (test_goal_contract_validation.DecisionMessageValidationTests.test_idempotency_validates_before_copy) ... ok
test_state_feedback_unknown_method (test_goal_contract_validation.DecisionMessageValidationTests.test_state_feedback_unknown_method) ... ok
test_revision_dependency_is_visible (test_goal_contract_validation.GoalValidationTests.test_revision_dependency_is_visible) ... ok
test_round_trip_and_input_copy (test_goal_contract_validation.GoalValidationTests.test_round_trip_and_input_copy) ... ok
test_schema_version_missing_bool_float (test_goal_contract_validation.GoalValidationTests.test_schema_version_missing_bool_float) ... ok
test_unknown_nested_nonfinite_budget_depth_cycle (test_goal_contract_validation.GoalValidationTests.test_unknown_nested_nonfinite_budget_depth_cycle) ... ok
test_wire_error_paths_and_budget_codes (test_goal_contract_validation.GoalValidationTests.test_wire_error_paths_and_budget_codes) ... ok
test_G01_competing_cas_is_atomic (test_goal_manager.GoalManagerTests.test_G01_competing_cas_is_atomic) ... ok
test_G02_one_pending_and_superseded_stop_cannot_activate (test_goal_manager.GoalManagerTests.test_G02_one_pending_and_superseded_stop_cannot_activate) ... ok
test_G03_unknown_stop_blocked_until_review_and_new_submit (test_goal_manager.GoalManagerTests.test_G03_unknown_stop_blocked_until_review_and_new_submit) ... ok
test_idempotency_conflict_and_capacity_never_forget_requests (test_goal_manager.GoalManagerTests.test_idempotency_conflict_and_capacity_never_forget_requests) ... ok
test_lease_renew_replay_cannot_extend_or_restore_revoked_goal (test_goal_manager.GoalManagerTests.test_lease_renew_replay_cannot_extend_or_restore_revoked_goal) ... ok
test_validation_does_not_mix_revision_parameters (test_goal_manager.GoalManagerTests.test_validation_does_not_mix_revision_parameters) ... ok
test_confirmation_ack_emits_internal_event_without_llm (test_interaction_core.InteractionCoreTest.test_confirmation_ack_emits_internal_event_without_llm) ... ok
test_confirmation_prompt_sets_pending_state (test_interaction_core.InteractionCoreTest.test_confirmation_prompt_sets_pending_state) ... ok
test_filler_only_is_recorded_as_backchannel_without_llm (test_interaction_core.InteractionCoreTest.test_filler_only_is_recorded_as_backchannel_without_llm) ... ok
test_filler_with_content_is_forwarded_intact (test_interaction_core.InteractionCoreTest.test_filler_with_content_is_forwarded_intact) ... ok
test_handle_astrbot_reply_with_tts (test_interaction_core.InteractionCoreTest.test_handle_astrbot_reply_with_tts) ... ok
test_handle_mic_raw_with_stt_provider (test_interaction_core.InteractionCoreTest.test_handle_mic_raw_with_stt_provider) ... ok
test_handle_mic_raw_without_stt_provider_emits_warning (test_interaction_core.InteractionCoreTest.test_handle_mic_raw_without_stt_provider_emits_warning) ... ok
test_handle_mic_text_publishes_incoming_and_calls_send_text (test_interaction_core.InteractionCoreTest.test_handle_mic_text_publishes_incoming_and_calls_send_text) ... ok
test_publish_audio_publishes_to_interaction_core_audio_play (test_interaction_core.InteractionCoreTest.test_publish_audio_publishes_to_interaction_core_audio_play) ... ok
test_resolve_audio_url_base64 (test_interaction_core.InteractionCoreTest.test_resolve_audio_url_base64) ... ok
test_resolve_audio_url_file_protocol (test_interaction_core.InteractionCoreTest.test_resolve_audio_url_file_protocol) ... ok
test_send_text_emits_event_on_failure (test_interaction_core.InteractionCoreTest.test_send_text_emits_event_on_failure) ... ok
test_send_text_posts_correct_json_and_returns_parsed_response (test_interaction_core.InteractionCoreTest.test_send_text_posts_correct_json_and_returns_parsed_response) ... ok
test_subscribes_to_mic_topics_after_runtime_start (test_interaction_core.InteractionCoreTest.test_subscribes_to_mic_topics_after_runtime_start) ... ok
test_synthesize_text_returns_audio_and_updates_status (test_interaction_core.InteractionCoreTest.test_synthesize_text_returns_audio_and_updates_status) ... ok
test_tick_processes_pending_messages (test_interaction_core.InteractionCoreTest.test_tick_processes_pending_messages) ... ok
test_transcribe_audio_returns_text_and_updates_status (test_interaction_core.InteractionCoreTest.test_transcribe_audio_returns_text_and_updates_status) ... ok
test_tts_capture_gate_stops_mic_and_resumes_after_deadline (test_interaction_core.InteractionCoreTest.test_tts_capture_gate_stops_mic_and_resumes_after_deadline) ... ok
test_interaction_status_empty_plugin_lists (test_interaction_status.InteractionStatusTest.test_interaction_status_empty_plugin_lists) ... ok
test_interaction_status_keys_present (test_interaction_status.InteractionStatusTest.test_interaction_status_keys_present) ... ok
test_interaction_status_no_providers_by_default (test_interaction_status.InteractionStatusTest.test_interaction_status_no_providers_by_default) ... ok
test_interaction_status_unreachable_when_offline (test_interaction_status.InteractionStatusTest.test_interaction_status_unreachable_when_offline) ... ok
test_chunked_and_connection_close_complete_json_remain_supported (test_jev_backend.HTTPBoundaryTests.test_chunked_and_connection_close_complete_json_remain_supported) ... ok
test_content_length_premature_eof_rejects_even_complete_json (test_jev_backend.HTTPBoundaryTests.test_content_length_premature_eof_rejects_even_complete_json) ... ok
test_invalid_content_length_fails_closed_without_retry (test_jev_backend.HTTPBoundaryTests.test_invalid_content_length_fails_closed_without_retry) ... ok
test_real_body_size_limit_with_and_without_content_length (test_jev_backend.HTTPBoundaryTests.test_real_body_size_limit_with_and_without_content_length) ... ok
test_real_http_request_and_body (test_jev_backend.HTTPBoundaryTests.test_real_http_request_and_body) ... ok
test_redirect_not_followed_no_auth_to_target (test_jev_backend.HTTPBoundaryTests.test_redirect_not_followed_no_auth_to_target) ... ok
test_slow_body_trickle_cannot_extend_total_deadline (test_jev_backend.HTTPBoundaryTests.test_slow_body_trickle_cannot_extend_total_deadline) ... ok
test_slow_header_trickle_cannot_extend_total_deadline (test_jev_backend.HTTPBoundaryTests.test_slow_header_trickle_cannot_extend_total_deadline) ... ok
test_truncated_chunked_complete_json_fails_closed_without_retry (test_jev_backend.HTTPBoundaryTests.test_truncated_chunked_complete_json_fails_closed_without_retry) ... ok
test_429_retry_after_inside_total_budget_and_no_retry_past_deadline (test_jev_backend.JevBackendTests.test_429_retry_after_inside_total_budget_and_no_retry_past_deadline) ... ok
test_all_local_input_limits_reject_before_secret_or_http (test_jev_backend.JevBackendTests.test_all_local_input_limits_reject_before_secret_or_http) ... ok
test_allwait (test_jev_backend.JevBackendTests.test_allwait) ... ok
test_blocked_secret_provider_obeys_total_deadline_without_transport (test_jev_backend.JevBackendTests.test_blocked_secret_provider_obeys_total_deadline_without_transport) ... ok
test_cancel_close_model_and_config_change_drop_late_response (test_jev_backend.JevBackendTests.test_cancel_close_model_and_config_change_drop_late_response) ... ok
test_concurrent_busy_and_cancel_during_retry_delay (test_jev_backend.JevBackendTests.test_concurrent_busy_and_cancel_during_retry_delay) ... ok
test_disabled_shadow_live_optin_and_explicit_secrets_only (test_jev_backend.JevBackendTests.test_disabled_shadow_live_optin_and_explicit_secrets_only) ... ok
test_distribution_exact_keys_sum_argmax_bool_range_and_nan (test_jev_backend.JevBackendTests.test_distribution_exact_keys_sum_argmax_bool_range_and_nan) ... ok
test_duplicate_json_keys_invalid_utf8_nonfinite_exponent (test_jev_backend.JevBackendTests.test_duplicate_json_keys_invalid_utf8_nonfinite_exponent) ... ok
test_exact_255_candidate_boundary_including_wait (test_jev_backend.JevBackendTests.test_exact_255_candidate_boundary_including_wait) ... ok
test_guide_change_after_response_parse_cannot_publish_old_selection (test_jev_backend.JevBackendTests.test_guide_change_after_response_parse_cannot_publish_old_selection) ... ok
test_http_errors_no_first_candidate_fallback_or_automatic_retry (test_jev_backend.JevBackendTests.test_http_errors_no_first_candidate_fallback_or_automatic_retry) ... ok
test_input_injection_is_data_not_instruction (test_jev_backend.JevBackendTests.test_input_injection_is_data_not_instruction) ... ok
test_invalid_transport_reply_and_secret_are_redacted_without_retry (test_jev_backend.JevBackendTests.test_invalid_transport_reply_and_secret_are_redacted_without_retry) ... ok
test_low_confidence_wait_or_explicit_replan_not_fake_probability (test_jev_backend.JevBackendTests.test_low_confidence_wait_or_explicit_replan_not_fake_probability) ... ok
test_missing_extra_owner_unknown_crossowner_and_ineligible_option (test_jev_backend.JevBackendTests.test_missing_extra_owner_unknown_crossowner_and_ineligible_option) ... ok
test_mutating_caller_during_transport_does_not_change_decision (test_jev_backend.JevBackendTests.test_mutating_caller_during_transport_does_not_change_decision) ... ok
test_no_conservative_candidate_rejected_before_transport (test_jev_backend.JevBackendTests.test_no_conservative_candidate_rejected_before_transport) ... ok
test_noncooperative_timeout_and_single_worker_quarantine (test_jev_backend.JevBackendTests.test_noncooperative_timeout_and_single_worker_quarantine) ... ok
test_normal_input_original_json_guides_params_status_and_hash (test_jev_backend.JevBackendTests.test_normal_input_original_json_guides_params_status_and_hash) ... ok
test_owner_limit_request_response_sizes_no_truncation (test_jev_backend.JevBackendTests.test_owner_limit_request_response_sizes_no_truncation) ... ok
test_reject_mutated_invalid_snapshot_without_calling_transport (test_jev_backend.JevBackendTests.test_reject_mutated_invalid_snapshot_without_calling_transport) ... ok
test_request_build_and_response_parse_time_are_in_total_deadline (test_jev_backend.JevBackendTests.test_request_build_and_response_parse_time_are_in_total_deadline) ... ok
test_request_response_byte_limits_are_inclusive (test_jev_backend.JevBackendTests.test_request_response_byte_limits_are_inclusive) ... ok
test_retry_attempts_share_configured_rate_limit (test_jev_backend.JevBackendTests.test_retry_attempts_share_configured_rate_limit) ... ok
test_retry_exhaustion_has_exact_attempt_count_and_no_background_retry (test_jev_backend.JevBackendTests.test_retry_exhaustion_has_exact_attempt_count_and_no_background_retry) ... ok
test_retry_wait_config_change_drops_old_request_and_does_not_retry (test_jev_backend.JevBackendTests.test_retry_wait_config_change_drops_old_request_and_does_not_retry) ... ok
test_single_live_rate_limit_close_and_invalid_configs (test_jev_backend.JevBackendTests.test_single_live_rate_limit_close_and_invalid_configs) ... ok
test_transport_failure_secret_provider_failure_and_exception_redaction (test_jev_backend.JevBackendTests.test_transport_failure_secret_provider_failure_and_exception_redaction) ... ok
test_caller_mutation_and_last_record_are_defensive (test_laya_backend.LayaBackendTests.test_caller_mutation_and_last_record_are_defensive) ... ok
test_default_import_constructor_has_no_network_model_or_execution (test_laya_backend.LayaBackendTests.test_default_import_constructor_has_no_network_model_or_execution) ... ok
test_distribution_rounded_normalization_preserves_raw_and_frozen_contract (test_laya_backend.LayaBackendTests.test_distribution_rounded_normalization_preserves_raw_and_frozen_contract) ... ok
test_duplicate_json_keys_invalid_utf8_and_nonfinite_exponent (test_laya_backend.LayaBackendTests.test_duplicate_json_keys_invalid_utf8_and_nonfinite_exponent) ... ok
test_explicit_admission_rejection_does_not_retry_or_fake_success (test_laya_backend.LayaBackendTests.test_explicit_admission_rejection_does_not_retry_or_fake_success) ... ok
test_health_requires_pinned_resident_checkpoint_device_and_no_post (test_laya_backend.LayaBackendTests.test_health_requires_pinned_resident_checkpoint_device_and_no_post) ... ok
test_input_request_response_and_model_token_budgets_never_silently_truncate (test_laya_backend.LayaBackendTests.test_input_request_response_and_model_token_budgets_never_silently_truncate) ... ok
test_live_http_requires_explicit_opt_in_and_fixed_model_alias (test_laya_backend.LayaBackendTests.test_live_http_requires_explicit_opt_in_and_fixed_model_alias) ... ok
test_missing_extra_owner_unknown_crossowner_and_ineligible_choices (test_laya_backend.LayaBackendTests.test_missing_extra_owner_unknown_crossowner_and_ineligible_choices) ... ok
test_normal_copy_deterministic_mapping_and_identity (test_laya_backend.LayaBackendTests.test_normal_copy_deterministic_mapping_and_identity) ... ok
test_post_transport_uncertainty_requires_restart_without_retry (test_laya_backend.LayaBackendTests.test_post_transport_uncertainty_requires_restart_without_retry) ... ok
test_presend_cancel_never_sends_and_does_not_require_restart (test_laya_backend.LayaBackendTests.test_presend_cancel_never_sends_and_does_not_require_restart) ... ok
test_presend_timeout_never_sends_and_can_recover_after_worker_finishes (test_laya_backend.LayaBackendTests.test_presend_timeout_never_sends_and_can_recover_after_worker_finishes) ... ok
test_probabilities_confidences_and_action_diagnostic_reject_invalid_numbers (test_laya_backend.LayaBackendTests.test_probabilities_confidences_and_action_diagnostic_reject_invalid_numbers) ... ok
test_protocol_identity_routing_and_shape_fail_closed (test_laya_backend.LayaBackendTests.test_protocol_identity_routing_and_shape_fail_closed) ... ok
test_sent_cancel_and_close_reject_late_results_without_claiming_remote_stop (test_laya_backend.LayaBackendTests.test_sent_cancel_and_close_reject_late_results_without_claiming_remote_stop) ... ok
test_sent_timeout_is_latched_restart_required_and_probe_cannot_restore (test_laya_backend.LayaBackendTests.test_sent_timeout_is_latched_restart_required_and_probe_cannot_restore) ... ok
test_single_live_rejects_second_call_without_queue (test_laya_backend.LayaBackendTests.test_single_live_rejects_second_call_without_queue) ... ok
test_default_laya_execute_is_rejected_and_jev_capability_unchanged (test_laya_service_integration.LayaServiceIntegrationTests.test_default_laya_execute_is_rejected_and_jev_capability_unchanged) ... ok
test_formal_call_choice_reaches_actor_and_committed_success_ledger (test_laya_service_integration.LayaServiceIntegrationTests.test_formal_call_choice_reaches_actor_and_committed_success_ledger) ... ok
test_goal_and_configuration_change_drop_real_adapter_late_choice (test_laya_service_integration.LayaServiceIntegrationTests.test_goal_and_configuration_change_drop_real_adapter_late_choice) ... ok
test_sent_adapter_timeout_is_unavailable_and_dispatches_zero_actions (test_laya_service_integration.LayaServiceIntegrationTests.test_sent_adapter_timeout_is_unavailable_and_dispatches_zero_actions) ... ok
test_service_unavailable_health_cannot_dispatch_or_submit_inference (test_laya_service_integration.LayaServiceIntegrationTests.test_service_unavailable_health_cannot_dispatch_or_submit_inference) ... ok
test_shadow_records_model_choice_without_actor_or_ledger_side_effect (test_laya_service_integration.LayaServiceIntegrationTests.test_shadow_records_model_choice_without_actor_or_ledger_side_effect) ... ok
test_stop_receipt_matches_proven_operation_and_real_cancellation_proof (test_laya_service_integration.LayaServiceIntegrationTests.test_stop_receipt_matches_proven_operation_and_real_cancellation_proof) ... ok
test_action_ros_reload_and_failed_proof (test_local_plugin_action_lifecycle.LocalActionLifecycleTest.test_action_ros_reload_and_failed_proof) ... ok
test_action_ros_reload_failure_restores_original_config (test_local_plugin_action_lifecycle.LocalActionLifecycleTest.test_action_ros_reload_failure_restores_original_config) ... ok
test_action_ros_reload_with_existing_resource_handle (test_local_plugin_action_lifecycle.LocalActionLifecycleTest.test_action_ros_reload_with_existing_resource_handle) ... ok
test_binding_before_load_and_reload_generation (test_local_plugin_action_lifecycle.LocalActionLifecycleTest.test_binding_before_load_and_reload_generation) ... ok
test_blocked_config_disable_and_uninstall_preserve_owner (test_local_plugin_action_lifecycle.LocalActionLifecycleTest.test_blocked_config_disable_and_uninstall_preserve_owner) ... ok
test_disable_enable_and_document_revision (test_local_plugin_action_lifecycle.LocalActionLifecycleTest.test_disable_enable_and_document_revision) ... ok
test_failed_on_load_releases_bound_owner_after_proven_teardown (test_local_plugin_action_lifecycle.LocalActionLifecycleTest.test_failed_on_load_releases_bound_owner_after_proven_teardown) ... ok
test_failed_on_load_without_proof_retains_blocked_slot (test_local_plugin_action_lifecycle.LocalActionLifecycleTest.test_failed_on_load_without_proof_retains_blocked_slot) ... ok
test_partial_binding_failure_keeps_blocked_instance_stoppable (test_local_plugin_action_lifecycle.LocalActionLifecycleTest.test_partial_binding_failure_keeps_blocked_instance_stoppable) ... ok
test_partial_dispatcher_cleanup_retry_preserves_original_error (test_local_plugin_action_lifecycle.LocalActionLifecycleTest.test_partial_dispatcher_cleanup_retry_preserves_original_error) ... ok
test_partial_dispatcher_registration_failure_cleans_owner (test_local_plugin_action_lifecycle.LocalActionLifecycleTest.test_partial_dispatcher_registration_failure_cleans_owner) ... ok
test_reload_load_failure_restores_config_without_restart (test_local_plugin_action_lifecycle.LocalActionLifecycleTest.test_reload_load_failure_restores_config_without_restart) ... ok
test_starting_and_directory_drift_are_not_executable (test_local_plugin_action_lifecycle.LocalActionLifecycleTest.test_starting_and_directory_drift_are_not_executable) ... ok
test_context_exposes_closed_action_facade (test_local_plugins_config.LocalPluginConfigTest.test_context_exposes_closed_action_facade) ... ok
test_failed_enable_rolls_back_enabled_state (test_local_plugins_config.LocalPluginConfigTest.test_failed_enable_rolls_back_enabled_state) ... ok
test_guide_bytes_and_paths (test_local_plugins_config.LocalPluginConfigTest.test_guide_bytes_and_paths) ... ok
test_invalid_array_item_type_is_rejected (test_local_plugins_config.LocalPluginConfigTest.test_invalid_array_item_type_is_rejected) ... ok
test_invalid_update_does_not_change_file (test_local_plugins_config.LocalPluginConfigTest.test_invalid_update_does_not_change_file) ... ok
test_partial_update_preserves_arrays_and_pubsub (test_local_plugins_config.LocalPluginConfigTest.test_partial_update_preserves_arrays_and_pubsub) ... ok
test_real_b01_guides_allow_markdown_comparisons (test_local_plugins_config.LocalPluginConfigTest.test_real_b01_guides_allow_markdown_comparisons) ... ok
test_v2_manifest_is_not_legacy_topic_action (test_local_plugins_config.LocalPluginConfigTest.test_v2_manifest_is_not_legacy_topic_action) ... ok
test_G05_missing_future_expired_time_and_receive_clock_regression (test_observation_store.ObservationTests.test_G05_missing_future_expired_time_and_receive_clock_regression) ... ok
test_G05_old_frame_missing_frame_epoch_restart_and_no_rollback (test_observation_store.ObservationTests.test_G05_old_frame_missing_frame_epoch_restart_and_no_rollback) ... ok
test_byte_budget_and_missing_seq_are_rejected (test_observation_store.ObservationTests.test_byte_budget_and_missing_seq_are_rejected) ... ok
test_epoch_capacity_fail_closed_instead_of_forgetting_old_epoch (test_observation_store.ObservationTests.test_epoch_capacity_fail_closed_instead_of_forgetting_old_epoch) ... ok
test_original_json_copy_and_no_cross_topic_atomicity_claim (test_observation_store.ObservationTests.test_original_json_copy_and_no_cross_topic_atomicity_claim) ... ok
test_per_topic_age_and_missing_fields_filter_independently (test_observation_store.ObservationTests.test_per_topic_age_and_missing_fields_filter_independently) ... ok
test_review_canonical_target_ref_fixture_and_identity_mismatches (test_observation_store.ObservationTests.test_review_canonical_target_ref_fixture_and_identity_mismatches) ... ok
test_review_request_observation_requires_original_spec_hash_and_age (test_observation_store.ObservationTests.test_review_request_observation_requires_original_spec_hash_and_age) ... ok
test_review_sequence_high_water_survives_guide_and_disable_changes (test_observation_store.ObservationTests.test_review_sequence_high_water_survives_guide_and_disable_changes) ... ok
test_target_binds_observation_frame_session_object (test_observation_store.ObservationTests.test_target_binds_observation_frame_session_object) ... ok
test_topic_bus_keeps_raw_b01_payload_and_generation_epoch (test_observation_store.ObservationTests.test_topic_bus_keeps_raw_b01_payload_and_generation_epoch) ... ok
test_confirmed_exit_and_quarantine_survive_new_manager (test_owned_laya.OwnedLayaTests.test_confirmed_exit_and_quarantine_survive_new_manager) ... ok
test_failed_warmup_worker_must_drain_before_restart (test_owned_laya.OwnedLayaTests.test_failed_warmup_worker_must_drain_before_restart) ... ok
test_generation_quarantine_blocks_other_client_and_requires_recovery (test_owned_laya.OwnedLayaTests.test_generation_quarantine_blocks_other_client_and_requires_recovery) ... ok
test_history_is_copied_and_state_mode_restricted (test_owned_laya.OwnedLayaTests.test_history_is_copied_and_state_mode_restricted) ... ok
test_interrupt_warmup_invalidates_start_and_confirms_child_exit (test_owned_laya.OwnedLayaTests.test_interrupt_warmup_invalidates_start_and_confirms_child_exit) ... ok
test_old_closed_worker_retains_permit_until_it_exits (test_owned_laya.OwnedLayaTests.test_old_closed_worker_retains_permit_until_it_exits) ... ok
test_old_generation_fault_and_stop_cannot_change_new_service (test_owned_laya.OwnedLayaTests.test_old_generation_fault_and_stop_cannot_change_new_service) ... ok
test_owned_handle_access_has_no_pid_adoption_and_checks_generation (test_owned_laya.OwnedLayaTests.test_owned_handle_access_has_no_pid_adoption_and_checks_generation) ... ok
test_port_occupied_is_not_terminated (test_owned_laya.OwnedLayaTests.test_port_occupied_is_not_terminated) ... ok
test_ready_warmup_stop_and_fixed_environment (test_owned_laya.OwnedLayaTests.test_ready_warmup_stop_and_fixed_environment) ... ok
test_short_owned_child_has_confirmed_exit (test_owned_laya.OwnedLayaTests.test_short_owned_child_has_confirmed_exit) ... ok
test_stop_before_warmup_skips_the_inference_callback (test_owned_laya.OwnedLayaTests.test_stop_before_warmup_skips_the_inference_callback) ... ok
test_superseded_before_spawn_has_no_side_effect (test_owned_laya.OwnedLayaTests.test_superseded_before_spawn_has_no_side_effect) ... ok
test_term_then_kill_only_the_owned_handle (test_owned_laya.OwnedLayaTests.test_term_then_kill_only_the_owned_handle) ... ok
test_unknown_persisted_ownership_cannot_be_claimed_or_killed (test_owned_laya.OwnedLayaTests.test_unknown_persisted_ownership_cannot_be_claimed_or_killed) ... ok
test_warmup_failure_cleans_own_child_and_keeps_fault (test_owned_laya.OwnedLayaTests.test_warmup_failure_cleans_own_child_and_keeps_fault) ... ok
test_injected_fusion_provider_is_used (test_perception_core.PerceptionCoreTest.test_injected_fusion_provider_is_used) ... ok
test_missing_vision_reuses_previous_world_timestamp (test_perception_core.PerceptionCoreTest.test_missing_vision_reuses_previous_world_timestamp) ... ok
test_runtime_accepts_injected_perception_core (test_perception_core.PerceptionCoreTest.test_runtime_accepts_injected_perception_core) ... ok
test_scan_failure_emits_plugin_fault_and_uses_none (test_perception_core.PerceptionCoreTest.test_scan_failure_emits_plugin_fault_and_uses_none) ... ok
test_vision_failure_still_propagates (test_perception_core.PerceptionCoreTest.test_vision_failure_still_propagates) ... ok
test_without_fusion_preserves_legacy_world_fields (test_perception_core.PerceptionCoreTest.test_without_fusion_preserves_legacy_world_fields) ... ok
test_closed_bind_once_and_revoke (test_plugin_action_api.PluginActionAPITest.test_closed_bind_once_and_revoke) ... ok
test_dispatcher_callback_rejects_stale_generation (test_plugin_action_api.PluginActionAPITest.test_dispatcher_callback_rejects_stale_generation) ... ok
test_evidence_and_payload_cannot_be_shortcuts (test_plugin_action_api.PluginActionAPITest.test_evidence_and_payload_cannot_be_shortcuts) ... ok
test_active_future_cannot_interrupt_callback_and_stats_are_readable (test_plugin_action_mailbox.ActionMailboxTest.test_active_future_cannot_interrupt_callback_and_stats_are_readable) ... ok
test_byte_limits_on_both_queues (test_plugin_action_mailbox.ActionMailboxTest.test_byte_limits_on_both_queues) ... ok
test_callback_budget_diagnostic (test_plugin_action_mailbox.ActionMailboxTest.test_callback_budget_diagnostic) ... ok
test_cancel_priority_without_interrupting_active_handler (test_plugin_action_mailbox.ActionMailboxTest.test_cancel_priority_without_interrupting_active_handler) ... ok
test_cancel_queued_future_refunds_capacity_and_actor_survives (test_plugin_action_mailbox.ActionMailboxTest.test_cancel_queued_future_refunds_capacity_and_actor_survives) ... ok
test_configuration_limits_reject_invalid_values (test_plugin_action_mailbox.ActionMailboxTest.test_configuration_limits_reject_invalid_values) ... ok
test_count_limit_keeps_existing_starts (test_plugin_action_mailbox.ActionMailboxTest.test_count_limit_keeps_existing_starts) ... ok
test_drain_and_cancel_arguments_are_strict (test_plugin_action_mailbox.ActionMailboxTest.test_drain_and_cancel_arguments_are_strict) ... ok
test_drain_worker_when_runtime_stopped_without_enabling_starts (test_plugin_action_mailbox.ActionMailboxTest.test_drain_worker_when_runtime_stopped_without_enabling_starts) ... ok
test_execution_guard_revoked_while_queued (test_plugin_action_mailbox.ActionMailboxTest.test_execution_guard_revoked_while_queued) ... ok
test_guard_exception_prevents_plugin_invocation (test_plugin_action_mailbox.ActionMailboxTest.test_guard_exception_prevents_plugin_invocation) ... ok
test_input_is_frozen_on_enqueue (test_plugin_action_mailbox.ActionMailboxTest.test_input_is_frozen_on_enqueue) ... ok
test_legacy_call_failure_resolves_before_slow_diagnostic (test_plugin_action_mailbox.ActionMailboxTest.test_legacy_call_failure_resolves_before_slow_diagnostic) ... ok
test_legacy_diagnostic_exception_does_not_kill_actor (test_plugin_action_mailbox.ActionMailboxTest.test_legacy_diagnostic_exception_does_not_kill_actor) ... ok
test_missing_fixed_callback_fails_explicitly (test_plugin_action_mailbox.ActionMailboxTest.test_missing_fixed_callback_fails_explicitly) ... ok
test_queued_legacy_future_cancel_does_not_kill_actor (test_plugin_action_mailbox.ActionMailboxTest.test_queued_legacy_future_cancel_does_not_kill_actor) ... ok
test_raising_diagnostic_subscriber_cannot_strand_actions (test_plugin_action_mailbox.ActionMailboxTest.test_raising_diagnostic_subscriber_cannot_strand_actions) ... ok
test_slow_diagnostic_subscriber_does_not_block_action_results (test_plugin_action_mailbox.ActionMailboxTest.test_slow_diagnostic_subscriber_does_not_block_action_results) ... ok
test_stop_fails_pending_and_keeps_truthful_alive_on_timeout (test_plugin_action_mailbox.ActionMailboxTest.test_stop_fails_pending_and_keeps_truthful_alive_on_timeout) ... ok
test_all_plugin_callbacks_run_on_one_managed_thread (test_plugin_actor.PluginActorTest.test_all_plugin_callbacks_run_on_one_managed_thread) ... ok
test_cast_coalesces_pending_ticks (test_plugin_actor.PluginActorTest.test_cast_coalesces_pending_ticks) ... ok
test_runtime_start_failure_is_isolated_to_one_plugin (test_plugin_actor.PluginActorTest.test_runtime_start_failure_is_isolated_to_one_plugin) ... ok
test_disable_during_enable_waits_and_stops_before_disable (test_plugin_registry_actions.LifecycleRaceTest.test_disable_during_enable_waits_and_stops_before_disable) ... ok
test_enable_stop_revokes_pending_runtime_start (test_plugin_registry_actions.LifecycleRaceTest.test_enable_stop_revokes_pending_runtime_start) ... ok
test_failed_stop_proof_after_raced_start_retains_owner (test_plugin_registry_actions.LifecycleRaceTest.test_failed_stop_proof_after_raced_start_retains_owner) ... ok
test_old_stop_waiter_cannot_claim_replacement (test_plugin_registry_actions.LifecycleRaceTest.test_old_stop_waiter_cannot_claim_replacement) ... ok
test_partial_action_start_failure_blocks_until_proven_stop (test_plugin_registry_actions.LifecycleRaceTest.test_partial_action_start_failure_blocks_until_proven_stop) ... ok
test_runtime_stop_during_registration_does_not_publish_stale_start (test_plugin_registry_actions.LifecycleRaceTest.test_runtime_stop_during_registration_does_not_publish_stale_start) ... ok
test_start_stop_callback_is_not_lost (test_plugin_registry_actions.LifecycleRaceTest.test_start_stop_callback_is_not_lost) ... ok
test_stop_revokes_next_owner_before_first_start_returns (test_plugin_registry_actions.LifecycleRaceTest.test_stop_revokes_next_owner_before_first_start_returns) ... ok
test_timed_out_start_keeps_instance_blocked_until_real_stop (test_plugin_registry_actions.LifecycleRaceTest.test_timed_out_start_keeps_instance_blocked_until_real_stop) ... ok
test_uncertain_stop_keeps_worker_and_old_owner_blocked (test_plugin_registry_actions.LifecycleRaceTest.test_uncertain_stop_keeps_worker_and_old_owner_blocked) ... ok
test_unregister_during_registration_retains_owner_until_teardown (test_plugin_registry_actions.LifecycleRaceTest.test_unregister_during_registration_retains_owner_until_teardown) ... ok
test_unregister_waits_for_start_and_stops_before_unload (test_plugin_registry_actions.LifecycleRaceTest.test_unregister_waits_for_start_and_stops_before_unload) ... ok
test_blocked_unload_retains_actor_ros_and_allows_proof_retry (test_plugin_registry_actions.PluginRegistryActionTest.test_blocked_unload_retains_actor_ros_and_allows_proof_retry) ... ok
test_concurrent_registration_reserves_owner_before_loading (test_plugin_registry_actions.PluginRegistryActionTest.test_concurrent_registration_reserves_owner_before_loading) ... ok
test_disable_retries_and_cancel_drain_with_runtime_stopped (test_plugin_registry_actions.PluginRegistryActionTest.test_disable_retries_and_cancel_drain_with_runtime_stopped) ... ok
test_failed_load_without_proof_retains_blocked_instance (test_plugin_registry_actions.PluginRegistryActionTest.test_failed_load_without_proof_retains_blocked_instance) ... ok
test_generation_binding_before_load_and_failed_generation_not_reused (test_plugin_registry_actions.PluginRegistryActionTest.test_generation_binding_before_load_and_failed_generation_not_reused) ... ok
test_runtime_stop_revokes_all_before_waiting_for_proof (test_plugin_registry_actions.PluginRegistryActionTest.test_runtime_stop_revokes_all_before_waiting_for_proof) ... ok
test_already_blocked_proved_failed_does_not_clear_review (test_proved_failed_terminal.FailedDispatcherTests.test_already_blocked_proved_failed_does_not_clear_review) ... ok
test_caller_evidence_ignored_by_ledger_cannot_avoid_block (test_proved_failed_terminal.FailedDispatcherTests.test_caller_evidence_ignored_by_ledger_cannot_avoid_block) ... ok
test_controlled_revoke_denies_queued_start_generic_gate_still_blocks (test_proved_failed_terminal.FailedDispatcherTests.test_controlled_revoke_denies_queued_start_generic_gate_still_blocks) ... ok
test_plain_failed_late_proof_replay_does_not_unblock (test_proved_failed_terminal.FailedDispatcherTests.test_plain_failed_late_proof_replay_does_not_unblock) ... ok
test_proved_failed_revokes_queued_start_without_uncertain_block (test_proved_failed_terminal.FailedDispatcherTests.test_proved_failed_revokes_queued_start_without_uncertain_block) ... ok
test_controlled_cancel_existing_fault_never_auto_reviews_or_publishes (test_proved_failed_terminal.FailedGoalTests.test_controlled_cancel_existing_fault_never_auto_reviews_or_publishes) ... ok
test_failed_draft_sql_fault_latches_stop (test_proved_failed_terminal.FailedGoalTests.test_failed_draft_sql_fault_latches_stop) ... ok
test_failed_draft_stop_epoch_supersede_no_stale_terminal (test_proved_failed_terminal.FailedGoalTests.test_failed_draft_stop_epoch_supersede_no_stale_terminal) ... ok
test_failed_draft_superseded_new_goal_not_cleared (test_proved_failed_terminal.FailedGoalTests.test_failed_draft_superseded_new_goal_not_cleared) ... ok
test_failed_history_then_explicit_new_goal_cancel_is_target_scoped (test_proved_failed_terminal.FailedGoalTests.test_failed_history_then_explicit_new_goal_cancel_is_target_scoped) ... ok
test_failed_no_proof_and_late_reconcile_remain_blocked_without_summary (test_proved_failed_terminal.FailedGoalTests.test_failed_no_proof_and_late_reconcile_remain_blocked_without_summary) ... ok
test_failed_peer_without_proof_prevents_goal_release (test_proved_failed_terminal.FailedGoalTests.test_failed_peer_without_proof_prevents_goal_release) ... ok
test_failed_publish_sql_fault_rolls_back_fact_latches_stop (test_proved_failed_terminal.FailedGoalTests.test_failed_publish_sql_fault_rolls_back_fact_latches_stop) ... ok
test_real_failed_one_goal_summary_idempotent_and_never_completed_public (test_proved_failed_terminal.FailedGoalTests.test_real_failed_one_goal_summary_idempotent_and_never_completed_public) ... ok
test_terminal_cas_refuses_block_introduced_after_durable_draft (test_proved_failed_terminal.FailedGoalTests.test_terminal_cas_refuses_block_introduced_after_durable_draft) ... ok
test_failed_positive_proof_event_resource_atomic_and_restart (test_proved_failed_terminal.FailedLedgerTests.test_failed_positive_proof_event_resource_atomic_and_restart) ... ok
test_failed_sql_trigger_rolls_back_proof_event_and_resource_release (test_proved_failed_terminal.FailedLedgerTests.test_failed_sql_trigger_rolls_back_proof_event_and_resource_release) ... ok
test_invalid_proof_foreign_owner_and_late_report_do_not_release (test_proved_failed_terminal.FailedLedgerTests.test_invalid_proof_foreign_owner_and_late_report_do_not_release) ... ok
test_runtime_calls_each_plugin_through_its_actor (test_runtime_actor_integration.RuntimeActorIntegrationTest.test_runtime_calls_each_plugin_through_its_actor) ... ok
test_runtime_tick_continues_when_scan_provider_fails (test_runtime_actor_integration.RuntimeActorIntegrationTest.test_runtime_tick_continues_when_scan_provider_fails) ... ok
test_runtime_tick_degrades_without_scan_provider (test_runtime_actor_integration.RuntimeActorIntegrationTest.test_runtime_tick_degrades_without_scan_provider) ... ok
test_runtime_tick_fuses_scan_provider_result (test_runtime_actor_integration.RuntimeActorIntegrationTest.test_runtime_tick_fuses_scan_provider_result) ... ok
test_clamp_rejects_nonfinite_values (test_safety.SafetyGuardTest.test_clamp_rejects_nonfinite_values) ... ok
test_duration_is_bounded_and_integer (test_safety.SafetyGuardTest.test_duration_is_bounded_and_integer) ... ok
test_estop_returns_blocked_zero_motion (test_safety.SafetyGuardTest.test_estop_returns_blocked_zero_motion) ... ok
test_finite_motion_values_are_clamped (test_safety.SafetyGuardTest.test_finite_motion_values_are_clamped) ... ok
test_none_motion_returns_same_intent (test_safety.SafetyGuardTest.test_none_motion_returns_same_intent) ... ok
test_nonfinite_motion_returns_zero_motion (test_safety.SafetyGuardTest.test_nonfinite_motion_returns_zero_motion) ... ok
test_one_nonfinite_axis_invalidates_all_motion_axes (test_safety.SafetyGuardTest.test_one_nonfinite_axis_invalidates_all_motion_axes) ... ok
test_all_valid_points_are_obstacles_with_target_attribution (test_scene_fusion.SceneFusionTest.test_all_valid_points_are_obstacles_with_target_attribution) ... ok
test_angle_sign_flip_changes_bearing_sign (test_scene_fusion.SceneFusionTest.test_angle_sign_flip_changes_bearing_sign) ... ok
test_angle_wrap_matches_across_pi_boundary (test_scene_fusion.SceneFusionTest.test_angle_wrap_matches_across_pi_boundary) ... ok
test_bbox_bearing_and_matching_range (test_scene_fusion.SceneFusionTest.test_bbox_bearing_and_matching_range) ... ok
test_empty_vision_and_empty_scan_is_not_degraded (test_scene_fusion.SceneFusionTest.test_empty_vision_and_empty_scan_is_not_degraded) ... ok
test_fuse_does_not_modify_input_entity (test_scene_fusion.SceneFusionTest.test_fuse_does_not_modify_input_entity) ... ok
test_load_perception_config_allows_zero_range_max (test_scene_fusion.SceneFusionTest.test_load_perception_config_allows_zero_range_max) ... ok
test_load_perception_config_rejects_inverted_range_bounds (test_scene_fusion.SceneFusionTest.test_load_perception_config_rejects_inverted_range_bounds) ... ok
test_overlapping_target_windows_claim_points_once (test_scene_fusion.SceneFusionTest.test_overlapping_target_windows_claim_points_once) ... ok
test_scan_none_degrades_and_clears_ranges (test_scene_fusion.SceneFusionTest.test_scan_none_degrades_and_clears_ranges) ... ok
test_target_is_also_an_attributed_obstacle (test_scene_fusion.SceneFusionTest.test_target_is_also_an_attributed_obstacle) ... ok
test_timestamp_misalignment_degrades_but_still_matches (test_scene_fusion.SceneFusionTest.test_timestamp_misalignment_degrades_but_still_matches) ... ok
test_unmatched_scan_point_becomes_obstacle (test_scene_fusion.SceneFusionTest.test_unmatched_scan_point_becomes_obstacle) ... ok
test_window_selects_median_range (test_scene_fusion.SceneFusionTest.test_window_selects_median_range) ... ok
test_window_selects_min_range (test_scene_fusion.SceneFusionTest.test_window_selects_min_range) ... ok
test_yaw_offset_is_added_to_bearing (test_scene_fusion.SceneFusionTest.test_yaw_offset_is_added_to_bearing) ... ok
test_backend_decision_selection_and_distribution (test_snapshot_contracts.SnapshotContractTests.test_backend_decision_selection_and_distribution) ... ok
test_backend_selection_revalidates_mutated_models_and_duplicate_owners (test_snapshot_contracts.SnapshotContractTests.test_backend_selection_revalidates_mutated_models_and_duplicate_owners) ... ok
test_budget_nonfinite_and_cycle (test_snapshot_contracts.SnapshotContractTests.test_budget_nonfinite_and_cycle) ... ok
test_documented_examples_parse (test_snapshot_contracts.SnapshotContractTests.test_documented_examples_parse) ... ok
test_generated_and_authored_selection_match (test_snapshot_contracts.SnapshotContractTests.test_generated_and_authored_selection_match) ... ok
test_nested_snapshot_errors_include_indexes_and_versions (test_snapshot_contracts.SnapshotContractTests.test_nested_snapshot_errors_include_indexes_and_versions) ... ok
test_observation_fractional_age_64_bit_time_and_original_data_copy (test_snapshot_contracts.SnapshotContractTests.test_observation_fractional_age_64_bit_time_and_original_data_copy) ... ok
test_snapshot_roundtrip_owners_candidates_and_defaults (test_snapshot_contracts.SnapshotContractTests.test_snapshot_roundtrip_owners_candidates_and_defaults) ... ok
test_versions_integer_generation_and_bounds (test_snapshot_contracts.SnapshotContractTests.test_versions_integer_generation_and_bounds) ... ok
test_inbox_is_bounded_and_keeps_latest_message (test_topic_bus_inbox.TopicBusInboxTest.test_inbox_is_bounded_and_keeps_latest_message) ... ok
test_without_fusion_preserves_legacy_world_fields (test_world_builder.WorldBuilderTest.test_without_fusion_preserves_legacy_world_fields) ... ok

======================================================================
ERROR: test_1000_real_dispatcher_state_sequences_with_resources_and_rearm (test_action_dispatcher.DispatcherTests.test_1000_real_dispatcher_state_sequences_with_resources_and_rearm)
----------------------------------------------------------------------
Traceback (most recent call last):
  File "/home/sssxy/Projects/AstrbotEX/tests/test_action_dispatcher.py", line 557, in test_1000_real_dispatcher_state_sequences_with_resources_and_rearm
    running = self.dispatcher.report(cid, binding[owner], ActionStatus.RUNNING).result(10)
              ^^^^^^^^^^^^^^^^^^^^^^^^^^^^^^^^^^^^^^^^^^^^^^^^^^^^^^^^^^^^^^^^^^^^^^^^^^^^
  File "/usr/lib/python3.12/concurrent/futures/_base.py", line 458, in result
    raise TimeoutError()
TimeoutError

----------------------------------------------------------------------
Ran 624 tests in 73.717s

FAILED (errors=1)
SDK journal compatibility disabled {'starts': 1, 'cancels': [], 'epoch_before': 3, 'epoch_after': 3, 'gate': True, 'held_resources': ['shared'], 'stop_calls': 0}
SDK journal compatibility shadow {'starts': 1, 'cancels': [], 'epoch_before': 5, 'epoch_after': 5, 'gate': True, 'held_resources': ['shared'], 'stop_calls': 0}
blocked-subscriber tts {'voice': 0.012, 'stop': 0.217}
blocked-subscriber text {'stop': 0.077, 'voice': 0.037}
G04 event-latch gate+status n=20 p95_ms=0.098 max_ms=0.113; single_live_calls=1
